{"stat.chestOpened":38,"stat.walkOneCm":427353,"stat.useItem.minecraft.torch":1,"stat.playerKills":6,"stat.leaveGame":2,"stat.mineBlock.minecraft.cobblestone":1,"stat.useItem.minecraft.chicken":1,"stat.useItem.minecraft.cobblestone":1,"stat.craftItem.minecraft.crafting_table":8,"stat.furnaceInteraction":36,"stat.mineBlock.minecraft.yellow_flower":2,"stat.mineBlock.minecraft.double_plant":4,"stat.craftItem.minecraft.iron_axe":1,"stat.useItem.minecraft.gold_ore":6,"stat.jump":1305,"stat.swimOneCm":4278,"stat.fallOneCm":28358,"stat.climbOneCm":480,"stat.useItem.minecraft.cooked_mutton":1,"stat.useItem.minecraft.yellow_flower":1,"achievement.buildWorkBench":13,"stat.useItem.minecraft.stone_axe":6,"stat.craftItem.minecraft.gold_ingot":14,"stat.crouchOneCm":4219,"achievement.buildSword":3,"achievement.mineWood":13,"stat.craftItem.minecraft.iron_ingot":26,"stat.useItem.minecraft.dirt":9,"stat.sprintOneCm":105858,"achievement.exploreAllBiomes":{"value":0,"progress":["ForestHills","Birch Forest","River","Forest","Plains","Hell"]},"stat.craftItem.minecraft.stick":12,"stat.craftingTableInteraction":19,"stat.useItem.minecraft.bed":1,"achievement.openInventory":30,"stat.craftItem.minecraft.planks":48,"stat.useItem.minecraft.iron_sword":14,"stat.useItem.minecraft.egg":2,"stat.damageTaken":3373,"stat.mineBlock.minecraft.crafting_table":3,"stat.killEntity.Spider":1,"stat.useItem.minecraft.wooden_pickaxe":4,"stat.mobKills":2,"stat.mineBlock.minecraft.log":13,"stat.craftItem.minecraft.wooden_door":3,"stat.entityKilledBy.Creeper":1,"achievement.killEnemy":2,"stat.useItem.minecraft.wooden_door":1,"stat.flyOneCm":214434,"stat.deaths":14,"stat.drop":7,"achievement.buildPickaxe":1,"stat.mineBlock.minecraft.leaves":2,"stat.playOneMinute":117740,"stat.useItem.minecraft.wooden_sword":10,"stat.useItem.minecraft.stone_pickaxe":35,"stat.useItem.minecraft.cooked_beef":1,"stat.craftItem.minecraft.iron_pickaxe":1,"stat.useItem.minecraft.stone_sword":10,"stat.damageDealt":3455,"achievement.buildBetterPickaxe":1,"stat.mineBlock.minecraft.iron_ore":6,"stat.killEntity.Zombie":1,"stat.timeSinceDeath":5136,"stat.useItem.minecraft.wooden_axe":1,"stat.useItem.minecraft.crafting_table":13,"stat.mineBlock.minecraft.dirt":21,"stat.mineBlock.minecraft.stone":31,"stat.mineBlock.minecraft.tallgrass":57,"stat.diveOneCm":6957,"stat.craftItem.minecraft.iron_sword":3}