{"stat.chestOpened":7,"stat.walkOneCm":276556,"stat.playerKills":5,"stat.leaveGame":1,"stat.mineBlock.minecraft.cobblestone":7,"stat.useItem.minecraft.chicken":1,"stat.useItem.minecraft.cobblestone":7,"stat.craftItem.minecraft.crafting_table":1,"stat.furnaceInteraction":8,"stat.mineBlock.minecraft.coal_ore":8,"stat.useItem.minecraft.diamond_sword":17,"stat.useItem.minecraft.mutton":1,"stat.jump":1054,"stat.swimOneCm":4770,"stat.fallOneCm":22805,"stat.climbOneCm":3800,"stat.useItem.minecraft.cooked_mutton":2,"stat.crouchOneCm":6830,"achievement.mineWood":2,"stat.useItem.minecraft.written_book":1,"stat.useItem.minecraft.dirt":2,"stat.sprintOneCm":127646,"achievement.exploreAllBiomes":{"value":0,"progress":["Birch Forest Hills","ForestHills","Birch Forest","Forest","Plains"]},"stat.craftItem.minecraft.stick":8,"stat.useItem.minecraft.sapling":2,"achievement.openInventory":18,"stat.craftItem.minecraft.planks":36,"stat.killEntity.Chicken":1,"stat.useItem.minecraft.egg":2,"stat.damageTaken":2817,"stat.useItem.minecraft.diamond_pickaxe":39,"stat.mobKills":3,"stat.mineBlock.minecraft.log":14,"stat.flyOneCm":210631,"stat.deaths":12,"stat.drop":39,"stat.mineBlock.minecraft.leaves":10,"stat.playOneMinute":37394,"stat.entityKilledBy.Zombie":1,"stat.killEntity.Sheep":1,"stat.useItem.minecraft.stone_sword":10,"stat.damageDealt":2730,"stat.useItem.minecraft.wool":2,"stat.killEntity.Zombie":1,"stat.timeSinceDeath":3326,"stat.useItem.minecraft.crafting_table":1,"stat.mineBlock.minecraft.dirt":20,"stat.useItem.minecraft.iron_pickaxe":15,"stat.mineBlock.minecraft.stone":24,"stat.mineBlock.minecraft.tallgrass":9,"stat.diveOneCm":858}