{"stat.chestOpened":1,"stat.walkOneCm":402330,"stat.playerKills":13,"stat.leaveGame":1,"stat.useItem.minecraft.cobblestone":1,"stat.useItem.minecraft.chicken":17,"stat.craftItem.minecraft.crafting_table":2,"stat.mineBlock.minecraft.yellow_flower":1,"stat.mineBlock.minecraft.double_plant":1,"stat.useItem.minecraft.apple":1,"stat.useItem.minecraft.mutton":1,"stat.jump":1742,"stat.useItem.minecraft.sand":6,"stat.swimOneCm":6180,"stat.fallOneCm":57835,"stat.climbOneCm":1647,"stat.useItem.minecraft.planks":22,"stat.entityKilledBy.Skeleton":3,"achievement.buildWorkBench":2,"stat.useItem.minecraft.yellow_flower":1,"stat.crouchOneCm":5312,"achievement.killCow":1,"achievement.buildSword":3,"achievement.mineWood":17,"stat.useItem.minecraft.dirt":64,"stat.sprintOneCm":181602,"achievement.exploreAllBiomes":{"value":0,"progress":["ForestHills","Birch Forest","Forest","Plains"]},"stat.craftItem.minecraft.stick":12,"stat.craftItem.minecraft.wooden_axe":1,"stat.craftingTableInteraction":14,"stat.killEntity.Skeleton":1,"stat.useItem.minecraft.red_flower":3,"stat.useItem.minecraft.sapling":11,"stat.entityKilledBy.Spider":2,"achievement.openInventory":13,"stat.craftItem.minecraft.planks":68,"stat.useItem.minecraft.egg":23,"stat.killEntity.Chicken":21,"stat.damageTaken":7450,"stat.killEntity.Spider":1,"stat.mineBlock.minecraft.red_flower":3,"stat.mobKills":29,"stat.mineBlock.minecraft.sapling":1,"stat.craftItem.minecraft.wooden_sword":3,"stat.useItem.minecraft.dye":6,"stat.mineBlock.minecraft.log":18,"achievement.killEnemy":3,"stat.useItem.minecraft.beef":1,"stat.flyOneCm":344588,"stat.deaths":31,"stat.drop":78,"stat.mineBlock.minecraft.leaves":9,"achievement.buildPickaxe":1,"stat.playOneMinute":61946,"stat.entityKilledBy.Zombie":5,"stat.useItem.minecraft.wooden_sword":84,"stat.killEntity.Sheep":1,"stat.damageDealt":7400,"stat.useItem.minecraft.wool":1,"stat.killEntity.Zombie":1,"stat.craftItem.minecraft.dye":6,"stat.timeSinceDeath":2234,"stat.useItem.minecraft.wooden_axe":16,"stat.killEntity.Cow":1,"stat.useItem.minecraft.crafting_table":2,"stat.mineBlock.minecraft.dirt":10,"stat.craftItem.minecraft.wooden_pickaxe":1,"stat.mineBlock.minecraft.tallgrass":181,"stat.diveOneCm":1814}