{"stat.chestOpened":7,"stat.craftItem.minecraft.stone_shovel":1,"stat.walkOneCm":284468,"stat.craftItem.minecraft.bed":1,"stat.useItem.minecraft.torch":16,"stat.leaveGame":1,"stat.mineBlock.minecraft.vine":1,"stat.craftItem.minecraft.crafting_table":2,"stat.furnaceInteraction":6,"stat.mineBlock.minecraft.coal_ore":24,"stat.swimOneCm":7243,"stat.jump":468,"stat.fallOneCm":8460,"stat.climbOneCm":758,"stat.useItem.minecraft.cooked_mutton":4,"achievement.buildWorkBench":4,"stat.useItem.minecraft.stone_axe":58,"stat.crouchOneCm":2794,"achievement.buildSword":1,"achievement.mineWood":48,"stat.craftItem.minecraft.torch":16,"stat.useItem.minecraft.dirt":11,"stat.sprintOneCm":78067,"achievement.exploreAllBiomes":{"value":0,"progress":["ForestHills","Birch Forest","Forest","River","Plains","Swampland"]},"stat.craftItem.minecraft.stick":12,"stat.craftingTableInteraction":10,"stat.craftItem.minecraft.furnace":1,"stat.useItem.minecraft.bed":1,"achievement.openInventory":42,"stat.craftItem.minecraft.planks":20,"stat.craftItem.minecraft.stone_axe":1,"stat.mineBlock.minecraft.crafting_table":14,"stat.damageTaken":820,"stat.craftItem.minecraft.stone_pickaxe":1,"stat.mineBlock.minecraft.furnace":1,"stat.mineBlock.minecraft.torch":5,"stat.useItem.minecraft.reeds":4,"stat.useItem.minecraft.wooden_pickaxe":3,"stat.useItem.minecraft.furnace":1,"stat.mobKills":5,"stat.mineBlock.minecraft.sapling":6,"stat.mineBlock.minecraft.log":47,"stat.useItem.minecraft.stone_shovel":26,"stat.craftItem.minecraft.stone_sword":1,"achievement.buildFurnace":2,"stat.flyOneCm":39315,"stat.deaths":3,"achievement.buildPickaxe":4,"stat.mineBlock.minecraft.leaves":61,"stat.playOneMinute":48352,"stat.useItem.minecraft.stone_pickaxe":46,"stat.killEntity.Sheep":3,"stat.useItem.minecraft.stone_sword":7,"stat.damageDealt":695,"achievement.buildBetterPickaxe":2,"stat.timeSinceDeath":1426,"stat.useItem.minecraft.crafting_table":15,"stat.mineBlock.minecraft.dirt":31,"stat.craftItem.minecraft.wooden_pickaxe":1,"stat.mineBlock.minecraft.stone":24,"stat.killEntity.Pig":2,"stat.craftItem.minecraft.cooked_mutton":5,"stat.mineBlock.minecraft.tallgrass":34,"stat.diveOneCm":9}