{"stat.leaveGame":4,"stat.jump":193,"stat.swimOneCm":2261,"stat.fallOneCm":1812,"achievement.buildWorkBench":1,"stat.useItem.minecraft.stone_axe":5,"stat.crouchOneCm":1,"stat.craftItem.minecraft.iron_ingot":6,"stat.craftItem.minecraft.torch":24,"stat.useItem.minecraft.dirt":4,"achievement.exploreAllBiomes":{"value":0,"progress":["ForestHills","Birch Forest","River","Forest","Plains"]},"stat.useItem.minecraft.cooked_chicken":1,"stat.craftingTableInteraction":7,"stat.craftItem.minecraft.furnace":1,"stat.boatOneCm":13202,"stat.craftItem.minecraft.stone_axe":1,"stat.damageTaken":95,"stat.craftItem.minecraft.stone_pickaxe":1,"stat.mineBlock.minecraft.furnace":3,"stat.useItem.minecraft.wooden_pickaxe":16,"stat.useItem.minecraft.furnace":3,"stat.flyOneCm":14608,"achievement.buildPickaxe":3,"stat.mineBlock.minecraft.gravel":5,"stat.useItem.minecraft.stone_pickaxe":132,"stat.damageDealt":465,"stat.killEntity.Rabbit":1,"achievement.buildBetterPickaxe":2,"stat.mineBlock.minecraft.iron_ore":10,"stat.timeSinceDeath":15445,"stat.useItem.minecraft.crafting_table":6,"stat.mineBlock.minecraft.dirt":4,"stat.useItem.minecraft.iron_pickaxe":10,"stat.craftItem.minecraft.wooden_pickaxe":1,"stat.craftItem.minecraft.iron_sword":1,"stat.walkOneCm":96035,"stat.useItem.minecraft.torch":7,"stat.useItem.minecraft.cobblestone":3,"stat.craftItem.minecraft.crafting_table":1,"stat.furnaceInteraction":9,"stat.mineBlock.minecraft.coal_ore":44,"stat.craftItem.minecraft.boat":1,"stat.breakItem.minecraft.stone_pickaxe":1,"achievement.buildSword":1,"achievement.mineWood":15,"stat.sprintOneCm":12770,"stat.craftItem.minecraft.stick":16,"stat.craftItem.minecraft.wooden_axe":1,"achievement.openInventory":23,"stat.craftItem.minecraft.planks":60,"stat.useItem.minecraft.iron_sword":1,"stat.killEntity.Chicken":1,"stat.mineBlock.minecraft.crafting_table":6,"stat.mobKills":3,"stat.mineBlock.minecraft.log":15,"stat.craftItem.minecraft.cooked_chicken":1,"achievement.buildFurnace":1,"stat.useItem.minecraft.boat":1,"achievement.acquireIron":8,"stat.drop":2,"stat.playOneMinute":15445,"stat.craftItem.minecraft.iron_pickaxe":1,"stat.killEntity.Zombie":1,"stat.useItem.minecraft.wooden_axe":17,"stat.mineBlock.minecraft.stone":101,"stat.mineBlock.minecraft.tallgrass":1,"stat.diveOneCm":1349}