{"stat.craftItem.minecraft.diamond_chestplate":1,"stat.chestOpened":1,"stat.useItem.minecraft.cooked_rabbit":1,"stat.killEntity.EntityHorse":4,"stat.craftItem.minecraft.cooked_rabbit":1,"stat.useItem.minecraft.stone":11,"stat.leaveGame":1,"stat.mineBlock.minecraft.cobblestone":18,"stat.useItem.minecraft.chicken":2,"stat.mineBlock.minecraft.anvil":2,"stat.useItem.minecraft.diamond_axe":1,"stat.useItem.minecraft.apple":1,"stat.useItem.minecraft.diamond_sword":145,"stat.craftItem.minecraft.diamond_sword":1,"stat.jump":2117,"stat.swimOneCm":12898,"stat.fallOneCm":48121,"stat.useItem.minecraft.planks":98,"achievement.buildWorkBench":4,"stat.useItem.minecraft.stone_axe":84,"stat.crouchOneCm":20215,"achievement.killCow":5,"stat.craftItem.minecraft.iron_ingot":67,"stat.useItem.minecraft.dirt":14,"stat.craftItem.minecraft.iron_helmet":1,"achievement.exploreAllBiomes":{"value":0,"progress":["Sunflower Plains","ForestHills","Birch Forest","Roofed Forest","River","Forest","Plains","Swampland"]},"stat.useItem.minecraft.cooked_chicken":10,"stat.useItem.minecraft.water_bucket":26,"stat.craftingTableInteraction":33,"stat.craftItem.minecraft.golden_apple":3,"stat.craftItem.minecraft.furnace":7,"stat.mineBlock.minecraft.lapis_ore":8,"stat.useItem.minecraft.egg":6,"stat.craftItem.minecraft.stone_axe":1,"stat.craftItem.minecraft.iron_boots":1,"stat.damageTaken":1221,"achievement.diamonds":1,"stat.craftItem.minecraft.stone_pickaxe":1,"stat.mineBlock.minecraft.furnace":17,"stat.useItem.minecraft.wooden_pickaxe":13,"stat.useItem.minecraft.furnace":17,"stat.mineBlock.minecraft.obsidian":4,"stat.killEntity.Enderman":2,"stat.craftItem.minecraft.stone_sword":1,"stat.useItem.minecraft.anvil":2,"stat.flyOneCm":410954,"achievement.buildPickaxe":4,"stat.useItem.minecraft.stone_pickaxe":132,"stat.useItem.minecraft.stone_sword":57,"stat.craftItem.minecraft.iron_leggings":1,"stat.useItem.minecraft.enchanting_table":2,"stat.killEntity.Rabbit":6,"stat.damageDealt":19086,"achievement.buildBetterPickaxe":4,"stat.mineBlock.minecraft.iron_ore":70,"stat.craftItem.minecraft.book":1,"stat.timeSinceDeath":417,"stat.craftItem.minecraft.anvil":1,"stat.killEntity.Cow":1,"stat.useItem.minecraft.crafting_table":12,"stat.mineBlock.minecraft.dirt":18,"stat.useItem.minecraft.iron_pickaxe":73,"stat.craftItem.minecraft.wooden_pickaxe":1,"stat.craftItem.minecraft.iron_sword":1,"stat.craftItem.minecraft.iron_block":3,"stat.walkOneCm":380347,"stat.playerKills":10,"stat.useItem.minecraft.cobblestone":139,"stat.craftItem.minecraft.crafting_table":3,"stat.furnaceInteraction":76,"stat.mineBlock.minecraft.enchanting_table":2,"stat.mineBlock.minecraft.double_plant":2,"stat.useItem.minecraft.lava_bucket":45,"stat.mineBlock.minecraft.coal_ore":32,"stat.breakItem.minecraft.stone_pickaxe":1,"stat.killEntity.Creeper":3,"stat.useItem.minecraft.cooked_mutton":20,"stat.useItem.minecraft.milk_bucket":2,"stat.craftItem.minecraft.gold_ingot":30,"stat.craftItem.minecraft.iron_chestplate":1,"achievement.buildSword":4,"achievement.mineWood":55,"stat.sprintOneCm":244402,"stat.craftItem.minecraft.stick":20,"stat.killEntity.Skeleton":8,"stat.craftItem.minecraft.bucket":2,"stat.useItem.minecraft.bed":1,"achievement.openInventory":150,"stat.craftItem.minecraft.planks":260,"stat.useItem.minecraft.iron_sword":46,"stat.killEntity.Chicken":16,"stat.mineBlock.minecraft.diamond_ore":18,"stat.itemEnchanted":10,"stat.mineBlock.minecraft.crafting_table":10,"stat.killEntity.Spider":4,"stat.useItem.minecraft.diamond_pickaxe":282,"stat.craftItem.minecraft.fishing_rod":1,"stat.mobKills":78,"stat.mineBlock.minecraft.log":65,"stat.useItem.minecraft.bucket":73,"stat.craftItem.minecraft.cooked_chicken":10,"stat.mineBlock.minecraft.waterlily":1,"achievement.killEnemy":23,"achievement.buildFurnace":8,"stat.useItem.minecraft.golden_apple":3,"stat.deaths":2,"achievement.acquireIron":6,"stat.drop":5,"stat.mineBlock.minecraft.leaves":20,"stat.craftItem.minecraft.paper":3,"stat.playOneMinute":65127,"stat.killEntity.Sheep":25,"stat.craftItem.minecraft.iron_pickaxe":1,"stat.craftItem.minecraft.diamond_pickaxe":1,"stat.killEntity.Zombie":8,"stat.craftItem.minecraft.diamond_axe":1,"stat.mineBlock.minecraft.stone":288,"stat.mineBlock.minecraft.gold_ore":30,"stat.mineBlock.minecraft.tallgrass":40,"stat.craftItem.minecraft.cooked_mutton":1,"stat.diveOneCm":11428,"stat.useItem.minecraft.fishing_rod":8,"stat.craftItem.minecraft.enchanting_table":1}