{"stat.craftItem.minecraft.diamond_chestplate":2,"stat.useItem.minecraft.string":1,"stat.useItem.minecraft.iron_axe":5,"stat.leaveGame":22,"stat.mineBlock.minecraft.cobblestone":19,"stat.craftItem.minecraft.iron_axe":1,"stat.useItem.minecraft.diamond_sword":12,"stat.craftItem.minecraft.diamond_helmet":1,"stat.useItem.minecraft.mutton":3,"stat.swimOneCm":22069,"stat.climbOneCm":2946,"achievement.buildWorkBench":2,"stat.useItem.minecraft.dirt":7,"achievement.exploreAllBiomes":{"value":0,"progress":["Birch Forest Hills","ForestHills","Birch Forest","River","Forest","Plains"]},"stat.useItem.minecraft.water_bucket":1,"stat.craftItem.minecraft.furnace":2,"stat.useItem.minecraft.egg":6,"stat.craftItem.minecraft.stone_axe":1,"achievement.diamonds":1,"stat.craftItem.minecraft.stone_pickaxe":1,"stat.craftItem.minecraft.stone_sword":1,"stat.flyOneCm":673465,"stat.craftItem.minecraft.iron_shovel":1,"achievement.buildPickaxe":2,"stat.killEntity.Witch":1,"achievement.buildBetterPickaxe":2,"stat.mineBlock.minecraft.iron_ore":14,"stat.timeSinceDeath":2946,"stat.useItem.minecraft.iron_pickaxe":32,"stat.useItem.minecraft.sign":2,"stat.furnaceInteraction":43,"stat.mineBlock.minecraft.coal_ore":33,"stat.killEntity.Creeper":3,"stat.craftItem.minecraft.stone_hoe":1,"stat.useItem.minecraft.cooked_mutton":3,"stat.entityKilledBy.Skeleton":2,"achievement.buildSword":4,"achievement.mineWood":18,"stat.useItem.minecraft.written_book":2,"stat.sprintOneCm":123249,"stat.craftItem.minecraft.stick":40,"achievement.openInventory":96,"stat.mineBlock.minecraft.diamond_ore":20,"stat.useItem.minecraft.wheat_seeds":26,"stat.mineBlock.minecraft.crafting_table":1,"stat.useItem.minecraft.diamond_pickaxe":225,"stat.useItem.minecraft.dye":41,"stat.useItem.minecraft.bucket":2,"achievement.killEnemy":27,"stat.useItem.minecraft.beef":12,"achievement.buildFurnace":2,"stat.deaths":16,"stat.drop":17,"stat.playOneMinute":103244,"stat.useItem.minecraft.wooden_sword":7,"stat.killEntity.Sheep":5,"stat.craftItem.minecraft.iron_pickaxe":1,"stat.killEntity.Zombie":6,"stat.craftItem.minecraft.dye":135,"stat.mineBlock.minecraft.tallgrass":111,"stat.diveOneCm":235145,"stat.chestOpened":35,"achievement.buildHoe":3,"stat.useItem.minecraft.chicken":10,"stat.useItem.minecraft.apple":1,"stat.useItem.minecraft.rotten_flesh":1,"stat.craftItem.minecraft.diamond_sword":1,"stat.craftItem.minecraft.iron_hoe":1,"stat.jump":2857,"stat.fallOneCm":81493,"stat.useItem.minecraft.stone_axe":1,"stat.craftItem.minecraft.bread":3,"stat.crouchOneCm":15662,"achievement.killCow":5,"stat.craftItem.minecraft.chest":3,"stat.craftItem.minecraft.iron_ingot":24,"achievement.makeBread":5,"stat.craftingTableInteraction":27,"stat.useItem.minecraft.sapling":9,"stat.mineBlock.minecraft.lapis_ore":2,"stat.damageTaken":4085,"stat.mineBlock.minecraft.torch":2,"stat.useItem.minecraft.wooden_pickaxe":26,"stat.useItem.minecraft.furnace":1,"stat.useItem.minecraft.stone_pickaxe":72,"stat.useItem.minecraft.stone_sword":12,"stat.damageDealt":12200,"stat.killEntity.Cow":10,"stat.useItem.minecraft.crafting_table":2,"stat.mineBlock.minecraft.dirt":10,"stat.craftItem.minecraft.iron_sword":2,"stat.craftItem.minecraft.stone_shovel":1,"stat.walkOneCm":565496,"stat.useItem.minecraft.bread":3,"stat.useItem.minecraft.torch":5,"stat.useItem.minecraft.chest":3,"stat.playerKills":10,"stat.useItem.minecraft.cobblestone":143,"stat.craftItem.minecraft.crafting_table":1,"stat.mineBlock.minecraft.double_plant":9,"stat.useItem.minecraft.lava_bucket":1,"stat.craftItem.minecraft.diamond_boots":1,"stat.killEntity.Skeleton":9,"stat.craftItem.minecraft.bucket":1,"stat.craftItem.minecraft.planks":208,"stat.useItem.minecraft.iron_sword":33,"stat.killEntity.Chicken":14,"stat.killEntity.Spider":8,"stat.mobKills":56,"stat.mineBlock.minecraft.log":24,"stat.useItem.minecraft.stone_hoe":6,"achievement.acquireIron":2,"stat.mineBlock.minecraft.leaves":21,"stat.useItem.minecraft.wooden_axe":12,"stat.mineBlock.minecraft.stone":250}