{"stat.chestOpened":46,"stat.useItem.minecraft.stone":1,"stat.mineBlock.minecraft.netherrack":39,"stat.leaveGame":6,"stat.mineBlock.minecraft.cobblestone":1,"stat.useItem.minecraft.apple":4,"stat.mineBlock.minecraft.brown_mushroom":2,"stat.useItem.minecraft.diamond_sword":27,"stat.useItem.minecraft.rotten_flesh":3,"stat.jump":3422,"stat.swimOneCm":22379,"stat.fallOneCm":105419,"stat.climbOneCm":2005,"stat.useItem.minecraft.planks":6,"achievement.buildWorkBench":4,"stat.useItem.minecraft.stone_axe":34,"stat.crouchOneCm":12623,"stat.craftItem.minecraft.torch":40,"stat.craftItem.minecraft.iron_ingot":8,"stat.useItem.minecraft.dirt":4,"achievement.exploreAllBiomes":{"value":0,"progress":["Birch Forest Hills","ForestHills","Birch Forest","Roofed Forest","Forest","River","Plains","Swampland","Hell"]},"stat.useItem.minecraft.cooked_chicken":4,"stat.useItem.minecraft.water_bucket":3,"stat.craftingTableInteraction":17,"stat.useItem.minecraft.red_flower":1,"stat.useItem.minecraft.sapling":7,"stat.useItem.minecraft.egg":7,"stat.craftItem.minecraft.stone_axe":1,"stat.damageTaken":12818,"stat.craftItem.minecraft.stone_pickaxe":3,"stat.useItem.minecraft.wooden_pickaxe":68,"stat.useItem.minecraft.furnace":2,"stat.craftItem.minecraft.cooked_beef":7,"stat.useItem.minecraft.anvil":1,"stat.flyOneCm":582813,"achievement.buildPickaxe":9,"stat.entityKilledBy.Zombie":2,"stat.useItem.minecraft.stone_pickaxe":235,"stat.useItem.minecraft.cooked_beef":8,"stat.damageDealt":5420,"achievement.buildBetterPickaxe":5,"stat.mineBlock.minecraft.iron_ore":8,"stat.timeSinceDeath":16595,"stat.useItem.minecraft.crafting_table":5,"stat.mineBlock.minecraft.dirt":35,"stat.useItem.minecraft.iron_pickaxe":64,"stat.craftItem.minecraft.wooden_pickaxe":3,"stat.walkOneCm":1189235,"stat.useItem.minecraft.torch":11,"stat.playerKills":6,"stat.useItem.minecraft.cobblestone":29,"stat.craftItem.minecraft.crafting_table":3,"stat.furnaceInteraction":25,"stat.useItem.minecraft.gravel":8,"stat.mineBlock.minecraft.double_plant":1,"stat.useItem.minecraft.cooked_porkchop":2,"stat.useItem.minecraft.gold_ore":1,"stat.mineBlock.minecraft.coal_ore":47,"stat.breakItem.minecraft.stone_pickaxe":2,"stat.useItem.minecraft.cooked_mutton":10,"stat.entityKilledBy.Skeleton":2,"stat.breakItem.minecraft.iron_helmet":1,"achievement.mineWood":86,"stat.useItem.minecraft.written_book":6,"stat.sprintOneCm":321905,"stat.craftItem.minecraft.stick":20,"achievement.openInventory":106,"stat.craftItem.minecraft.planks":124,"stat.useItem.minecraft.iron_sword":26,"stat.mineBlock.minecraft.crafting_table":2,"stat.useItem.minecraft.diamond_pickaxe":1,"stat.mobKills":2,"stat.mineBlock.minecraft.log":89,"stat.deaths":47,"stat.mineBlock.minecraft.planks":5,"stat.drop":7,"stat.mineBlock.minecraft.leaves":52,"stat.playOneMinute":230294,"stat.craftItem.minecraft.iron_pickaxe":1,"stat.killEntity.Zombie":1,"stat.mineBlock.minecraft.stone":239,"stat.mineBlock.minecraft.tallgrass":24,"stat.craftItem.minecraft.cooked_mutton":6,"stat.diveOneCm":18675}