{"stat.chestOpened":11,"stat.useItem.minecraft.iron_axe":6,"stat.leaveGame":2,"stat.mineBlock.minecraft.cobblestone":2,"stat.mineBlock.minecraft.anvil":2,"stat.craftItem.minecraft.iron_axe":1,"stat.jump":684,"stat.swimOneCm":17161,"stat.fallOneCm":14225,"stat.useItem.minecraft.planks":57,"stat.climbOneCm":1425,"achievement.buildWorkBench":4,"stat.useItem.minecraft.stone_axe":20,"stat.craftItem.minecraft.bread":1,"stat.crouchOneCm":5808,"stat.craftItem.minecraft.iron_ingot":10,"stat.breakItem.minecraft.iron_pickaxe":1,"stat.craftItem.minecraft.iron_helmet":1,"stat.useItem.minecraft.dirt":12,"achievement.exploreAllBiomes":{"value":0,"progress":["ForestHills","Birch Forest","Plains"]},"stat.useItem.minecraft.water_bucket":18,"stat.craftingTableInteraction":13,"stat.craftItem.minecraft.furnace":1,"stat.craftItem.minecraft.stone_axe":1,"stat.craftItem.minecraft.iron_boots":1,"stat.damageTaken":737,"stat.craftItem.minecraft.stone_pickaxe":1,"stat.mineBlock.minecraft.furnace":1,"stat.useItem.minecraft.wooden_pickaxe":11,"stat.useItem.minecraft.furnace":1,"stat.craftItem.minecraft.wooden_sword":1,"stat.craftItem.minecraft.stone_sword":1,"stat.flyOneCm":45079,"achievement.buildPickaxe":4,"stat.useItem.minecraft.stone_pickaxe":44,"stat.craftItem.minecraft.iron_leggings":1,"achievement.buildBetterPickaxe":2,"stat.mineBlock.minecraft.iron_ore":10,"stat.timeSinceDeath":10055,"stat.useItem.minecraft.crafting_table":5,"stat.useItem.minecraft.iron_pickaxe":37,"stat.craftItem.minecraft.wooden_pickaxe":1,"stat.craftItem.minecraft.iron_sword":1,"stat.walkOneCm":157305,"stat.useItem.minecraft.bread":1,"stat.useItem.minecraft.cobblestone":59,"stat.craftItem.minecraft.crafting_table":2,"stat.furnaceInteraction":9,"stat.mineBlock.minecraft.enchanting_table":1,"stat.useItem.minecraft.cooked_porkchop":3,"stat.mineBlock.minecraft.double_plant":1,"stat.useItem.minecraft.gold_ore":4,"stat.useItem.minecraft.lava_bucket":2,"stat.craftItem.minecraft.iron_chestplate":1,"achievement.buildSword":6,"achievement.mineWood":24,"stat.sprintOneCm":19873,"stat.craftItem.minecraft.stick":12,"stat.craftItem.minecraft.bucket":2,"achievement.openInventory":40,"stat.craftItem.minecraft.planks":88,"stat.mineBlock.minecraft.crafting_table":5,"stat.mineBlock.minecraft.log":23,"stat.useItem.minecraft.bucket":22,"achievement.buildFurnace":2,"stat.mineBlock.minecraft.planks":4,"stat.deaths":1,"achievement.acquireIron":14,"stat.drop":9,"stat.mineBlock.minecraft.leaves":8,"stat.playOneMinute":31854,"stat.mineBlock.minecraft.stone":75,"stat.mineBlock.minecraft.gold_ore":1,"stat.mineBlock.minecraft.tallgrass":3,"stat.diveOneCm":29211}