{"stat.chestOpened":10,"stat.walkOneCm":154588,"stat.playerKills":1,"stat.useItem.minecraft.stone":8,"stat.leaveGame":1,"stat.mineBlock.minecraft.cobblestone":7,"stat.useItem.minecraft.cobblestone":2,"stat.mineBlock.minecraft.double_plant":3,"stat.killEntity.Creeper":2,"stat.useItem.minecraft.diamond_sword":1,"stat.useItem.minecraft.rotten_flesh":3,"stat.jump":850,"stat.swimOneCm":13454,"stat.climbOneCm":1668,"stat.fallOneCm":17958,"stat.craftItem.minecraft.golden_leggings":1,"stat.crouchOneCm":2545,"achievement.mineWood":1,"stat.useItem.minecraft.dirt":10,"stat.sprintOneCm":68101,"achievement.exploreAllBiomes":{"value":0,"progress":["ForestHills","Birch Forest","Plains","Hell"]},"stat.craftItem.minecraft.stick":4,"stat.craftingTableInteraction":3,"stat.killEntity.Skeleton":1,"stat.entityKilledBy.Spider":1,"achievement.openInventory":17,"stat.craftItem.minecraft.planks":12,"stat.useItem.minecraft.iron_sword":21,"stat.damageTaken":2636,"stat.killEntity.Spider":1,"stat.useItem.minecraft.diamond_pickaxe":2,"stat.useItem.minecraft.wooden_pickaxe":10,"stat.mobKills":9,"stat.craftItem.minecraft.wooden_sword":1,"stat.mineBlock.minecraft.log":3,"stat.entityKilledBy.Creeper":1,"stat.flyOneCm":134345,"stat.deaths":11,"stat.drop":14,"stat.mineBlock.minecraft.leaves":1,"stat.playOneMinute":31901,"stat.killEntity.Witch":1,"stat.useItem.minecraft.wooden_sword":7,"stat.entityKilledBy.Zombie":2,"stat.useItem.minecraft.stone_pickaxe":2,"stat.damageDealt":2880,"stat.killEntity.Zombie":4,"stat.timeSinceDeath":2010,"stat.mineBlock.minecraft.dirt":1,"stat.mineBlock.minecraft.stone":5,"stat.mineBlock.minecraft.tallgrass":144,"stat.diveOneCm":15030}