{"stat.chestOpened":38,"stat.walkOneCm":464951,"stat.useItem.minecraft.torch":4,"stat.useItem.minecraft.chest":1,"stat.playerKills":4,"stat.craftItem.minecraft.sign":3,"stat.leaveGame":1,"stat.mineBlock.minecraft.cobblestone":1,"stat.useItem.minecraft.cobblestone":3,"stat.useItem.minecraft.chicken":1,"stat.mineBlock.minecraft.anvil":2,"stat.craftItem.minecraft.crafting_table":2,"stat.furnaceInteraction":25,"stat.craftItem.minecraft.boat":2,"stat.useItem.minecraft.rotten_flesh":5,"stat.jump":1423,"stat.swimOneCm":20408,"stat.fallOneCm":32440,"stat.climbOneCm":2603,"stat.useItem.minecraft.planks":1,"stat.useItem.minecraft.cooked_mutton":3,"achievement.buildWorkBench":4,"stat.entityKilledBy.Skeleton":1,"stat.useItem.minecraft.stone_axe":18,"stat.useItem.minecraft.rabbit":1,"stat.crouchOneCm":7722,"achievement.killCow":6,"stat.mineBlock.minecraft.wool":3,"achievement.buildSword":4,"achievement.mineWood":19,"stat.craftItem.minecraft.torch":4,"stat.craftItem.minecraft.iron_ingot":1,"stat.craftItem.minecraft.chest":1,"stat.useItem.minecraft.dirt":3,"stat.useItem.minecraft.trapdoor":2,"stat.sprintOneCm":126941,"achievement.exploreAllBiomes":{"value":0,"progress":["Birch Forest Hills","ForestHills","Mega Taiga Hills","Birch Forest","Forest","River","Plains","Taiga","Mega Taiga","Swampland","TaigaHills","Hell"]},"stat.craftItem.minecraft.stick":20,"stat.craftingTableInteraction":18,"stat.useItem.minecraft.netherrack":9,"stat.killEntity.Skeleton":1,"stat.boatOneCm":39015,"stat.useItem.minecraft.sapling":2,"achievement.openInventory":28,"stat.craftItem.minecraft.planks":84,"stat.useItem.minecraft.egg":3,"stat.killEntity.Chicken":4,"stat.craftItem.minecraft.stone_axe":1,"stat.mineBlock.minecraft.crafting_table":5,"stat.damageTaken":3506,"stat.craftItem.minecraft.trapdoor":2,"stat.craftItem.minecraft.stone_pickaxe":2,"stat.craftItem.minecraft.cooked_beef":6,"stat.useItem.minecraft.wooden_pickaxe":28,"stat.mobKills":31,"stat.craftItem.minecraft.wooden_sword":1,"stat.mineBlock.minecraft.log":21,"achievement.killEnemy":12,"stat.useItem.minecraft.beef":2,"stat.craftItem.minecraft.stone_sword":1,"stat.useItem.minecraft.anvil":3,"stat.flyOneCm":237036,"stat.useItem.minecraft.boat":2,"stat.deaths":14,"stat.mineBlock.minecraft.planks":6,"stat.drop":82,"achievement.buildPickaxe":8,"stat.mineBlock.minecraft.leaves":14,"stat.playOneMinute":64608,"stat.useItem.minecraft.wooden_sword":30,"stat.entityKilledBy.Zombie":1,"stat.killEntity.Sheep":4,"stat.useItem.minecraft.cooked_beef":1,"stat.useItem.minecraft.stone_sword":40,"stat.damageDealt":6250,"stat.killEntity.Rabbit":1,"achievement.buildBetterPickaxe":4,"stat.useItem.minecraft.wool":5,"stat.killEntity.Zombie":11,"stat.timeSinceDeath":0,"stat.killEntity.Cow":10,"stat.useItem.minecraft.crafting_table":4,"stat.mineBlock.minecraft.dirt":3,"stat.useItem.minecraft.sign":4,"stat.useItem.minecraft.iron_pickaxe":2,"stat.craftItem.minecraft.wooden_pickaxe":2,"stat.mineBlock.minecraft.stone":27,"stat.mineBlock.minecraft.tallgrass":8,"stat.craftItem.minecraft.cooked_mutton":7,"stat.diveOneCm":12254}