{"stat.leaveGame":6,"stat.mineBlock.minecraft.pumpkin":2,"stat.useItem.minecraft.chicken":10,"stat.useItem.minecraft.mutton":8,"stat.jump":694,"stat.swimOneCm":12139,"stat.fallOneCm":17272,"stat.useItem.minecraft.planks":1,"achievement.buildWorkBench":2,"stat.crouchOneCm":393,"stat.useItem.minecraft.dirt":2,"achievement.exploreAllBiomes":{"value":0,"progress":["ForestHills","Forest","Plains","Swampland"]},"stat.craftingTableInteraction":5,"stat.craftItem.minecraft.furnace":1,"stat.useItem.minecraft.sapling":4,"stat.useItem.minecraft.egg":3,"stat.damageTaken":1615,"stat.mineBlock.minecraft.red_flower":1,"stat.craftItem.minecraft.stone_pickaxe":2,"stat.useItem.minecraft.wooden_pickaxe":55,"stat.mineBlock.minecraft.sapling":1,"stat.craftItem.minecraft.stone_sword":1,"stat.flyOneCm":124267,"achievement.buildPickaxe":5,"stat.useItem.minecraft.stone_pickaxe":138,"stat.damageDealt":1500,"achievement.buildBetterPickaxe":3,"stat.mineBlock.minecraft.iron_ore":3,"stat.timeSinceDeath":550,"stat.mineBlock.minecraft.dirt":7,"stat.useItem.minecraft.crafting_table":3,"stat.craftItem.minecraft.wooden_pickaxe":1,"stat.walkOneCm":179048,"stat.playerKills":2,"stat.useItem.minecraft.cobblestone":23,"stat.craftItem.minecraft.crafting_table":1,"stat.mineBlock.minecraft.double_plant":8,"stat.mineBlock.minecraft.coal_ore":27,"stat.breakItem.minecraft.stone_pickaxe":1,"stat.entityKilledBy.Skeleton":1,"achievement.buildSword":2,"achievement.mineWood":9,"stat.sprintOneCm":80837,"stat.craftItem.minecraft.stick":8,"achievement.openInventory":20,"stat.craftItem.minecraft.planks":28,"stat.killEntity.Chicken":10,"stat.mineBlock.minecraft.crafting_table":3,"stat.mobKills":16,"stat.mineBlock.minecraft.log":9,"stat.entityKilledBy.Creeper":2,"achievement.buildFurnace":2,"stat.deaths":5,"stat.drop":7,"stat.mineBlock.minecraft.leaves":2,"stat.playOneMinute":39535,"stat.killEntity.Sheep":5,"stat.mineBlock.minecraft.stone":159,"stat.mineBlock.minecraft.tallgrass":141,"stat.diveOneCm":1677}