{"stat.craftItem.minecraft.diamond_chestplate":1,"stat.craftItem.minecraft.diamond_leggings":1,"stat.leaveGame":26,"stat.mineBlock.minecraft.cobblestone":39,"stat.useItem.minecraft.diamond_sword":13,"stat.craftItem.minecraft.diamond_helmet":1,"stat.swimOneCm":31827,"stat.useItem.minecraft.planks":10,"achievement.buildWorkBench":2,"stat.breakItem.minecraft.iron_pickaxe":4,"stat.useItem.minecraft.dirt":16,"achievement.exploreAllBiomes":{"value":0,"progress":["Birch Forest Hills","ForestHills","Birch Forest","River","Forest","Plains","Swampland","Hell"]},"stat.useItem.minecraft.water_bucket":1,"stat.craftItem.minecraft.furnace":3,"stat.entityKilledBy.Spider":3,"achievement.diamondsToYou":1,"stat.useItem.minecraft.egg":2,"stat.craftItem.minecraft.stone_axe":1,"stat.craftItem.minecraft.iron_boots":1,"achievement.diamonds":57,"stat.craftItem.minecraft.stone_pickaxe":1,"stat.craftItem.minecraft.stone_sword":1,"stat.flyOneCm":564927,"achievement.buildPickaxe":9,"stat.mineBlock.minecraft.sand":2,"achievement.buildBetterPickaxe":9,"stat.mineBlock.minecraft.iron_ore":140,"stat.timeSinceDeath":630,"stat.useItem.minecraft.iron_pickaxe":1004,"stat.furnaceInteraction":45,"stat.mineBlock.minecraft.coal_ore":147,"stat.killEntity.Creeper":1,"stat.useItem.minecraft.cooked_mutton":2,"achievement.buildSword":4,"achievement.mineWood":48,"stat.sprintOneCm":181824,"stat.craftItem.minecraft.stick":20,"achievement.openInventory":98,"stat.mineBlock.minecraft.diamond_ore":57,"stat.mineBlock.minecraft.crafting_table":7,"stat.useItem.minecraft.diamond_pickaxe":182,"stat.useItem.minecraft.bucket":1,"achievement.killEnemy":4,"achievement.buildFurnace":6,"stat.deaths":31,"stat.drop":5,"stat.playOneMinute":135608,"stat.useItem.minecraft.wooden_sword":7,"stat.killEntity.Sheep":2,"stat.craftItem.minecraft.iron_pickaxe":4,"stat.craftItem.minecraft.diamond_pickaxe":1,"stat.killEntity.Zombie":2,"stat.mineBlock.minecraft.gold_ore":6,"stat.mineBlock.minecraft.tallgrass":136,"stat.diveOneCm":37295,"stat.chestOpened":1,"stat.useItem.minecraft.stone":40,"stat.useItem.minecraft.chicken":3,"stat.useItem.minecraft.rotten_flesh":1,"stat.craftItem.minecraft.diamond_sword":1,"stat.jump":1956,"stat.fallOneCm":85324,"stat.useItem.minecraft.stone_axe":49,"stat.crouchOneCm":55344,"stat.craftItem.minecraft.torch":16,"stat.craftItem.minecraft.iron_ingot":88,"stat.craftItem.minecraft.chest":1,"stat.craftItem.minecraft.iron_helmet":1,"stat.useItem.minecraft.cooked_chicken":10,"stat.craftingTableInteraction":21,"stat.useItem.minecraft.sapling":4,"stat.damageTaken":10955,"stat.mineBlock.minecraft.furnace":7,"stat.mineBlock.minecraft.torch":1,"stat.mineBlock.minecraft.red_flower":5,"stat.useItem.minecraft.wooden_pickaxe":6,"stat.useItem.minecraft.furnace":7,"stat.mineBlock.minecraft.sapling":4,"stat.craftItem.minecraft.wooden_sword":1,"stat.entityKilledBy.Zombie":6,"stat.mineBlock.minecraft.gravel":9,"stat.useItem.minecraft.stone_pickaxe":97,"stat.useItem.minecraft.stone_sword":15,"stat.craftItem.minecraft.iron_leggings":1,"stat.damageDealt":3595,"stat.useItem.minecraft.wool":1,"stat.useItem.minecraft.crafting_table":8,"stat.mineBlock.minecraft.dirt":29,"stat.craftItem.minecraft.iron_sword":1,"stat.walkOneCm":473836,"stat.useItem.minecraft.torch":12,"stat.useItem.minecraft.chest":1,"stat.playerKills":3,"stat.useItem.minecraft.log":5,"stat.useItem.minecraft.cobblestone":398,"stat.craftItem.minecraft.crafting_table":1,"stat.mineBlock.minecraft.double_plant":3,"stat.craftItem.minecraft.diamond_boots":1,"stat.craftItem.minecraft.iron_chestplate":1,"stat.mineBlock.minecraft.wool":1,"stat.killEntity.Skeleton":1,"achievement.portal":1,"stat.craftItem.minecraft.bucket":1,"stat.craftItem.minecraft.planks":52,"stat.killEntity.Chicken":12,"stat.killEntity.Spider":1,"stat.mobKills":19,"stat.mineBlock.minecraft.log":46,"stat.craftItem.minecraft.cooked_chicken":10,"achievement.acquireIron":40,"stat.mineBlock.minecraft.redstone_ore":2,"stat.mineBlock.minecraft.stone":874}