{"stat.chestOpened":5,"stat.walkOneCm":155018,"stat.useItem.minecraft.torch":4,"stat.playerKills":5,"stat.useItem.minecraft.chest":1,"stat.leaveGame":4,"stat.mineBlock.minecraft.cobblestone":9,"stat.useItem.minecraft.cobblestone":257,"stat.craftItem.minecraft.crafting_table":1,"stat.useItem.minecraft.cooked_porkchop":2,"stat.useItem.minecraft.apple":2,"stat.mineBlock.minecraft.coal_ore":6,"stat.useItem.minecraft.mutton":2,"stat.jump":440,"stat.swimOneCm":329,"stat.fallOneCm":11600,"stat.useItem.minecraft.cooked_mutton":2,"stat.useItem.minecraft.stone_axe":11,"stat.crouchOneCm":525,"achievement.mineWood":1,"stat.craftItem.minecraft.torch":4,"stat.craftItem.minecraft.chest":1,"stat.useItem.minecraft.dirt":14,"stat.sprintOneCm":83116,"achievement.exploreAllBiomes":{"value":0,"progress":["ForestHills","Birch Forest","Plains"]},"stat.craftItem.minecraft.stick":12,"stat.craftItem.minecraft.wooden_axe":1,"stat.craftingTableInteraction":6,"stat.useItem.minecraft.bed":1,"achievement.openInventory":26,"stat.craftItem.minecraft.planks":36,"stat.craftItem.minecraft.stone_axe":1,"stat.mineBlock.minecraft.crafting_table":1,"stat.damageTaken":235,"stat.craftItem.minecraft.stone_pickaxe":1,"stat.useItem.minecraft.wooden_pickaxe":18,"stat.useItem.minecraft.wooden_shovel":37,"stat.mobKills":1,"stat.mineBlock.minecraft.log":4,"stat.craftItem.minecraft.wooden_door":3,"stat.useItem.minecraft.wooden_door":3,"stat.flyOneCm":70639,"stat.playOneMinute":24284,"stat.craftItem.minecraft.wooden_shovel":1,"stat.useItem.minecraft.stone_pickaxe":15,"stat.killEntity.Sheep":1,"stat.damageDealt":1005,"stat.timeSinceDeath":24284,"stat.useItem.minecraft.wooden_axe":14,"stat.useItem.minecraft.crafting_table":2,"stat.mineBlock.minecraft.dirt":37,"stat.craftItem.minecraft.wooden_pickaxe":1,"stat.mineBlock.minecraft.stone":14,"stat.mineBlock.minecraft.tallgrass":6}