{"stat.craftItem.minecraft.diamond_chestplate":1,"stat.craftItem.minecraft.cooked_rabbit":3,"stat.craftItem.minecraft.diamond_leggings":1,"stat.useItem.minecraft.iron_axe":59,"stat.leaveGame":20,"stat.mineBlock.minecraft.pumpkin":10,"stat.mineBlock.minecraft.cobblestone":17,"stat.craftItem.minecraft.iron_axe":1,"stat.useItem.minecraft.diamond_sword":135,"stat.craftItem.minecraft.diamond_helmet":1,"stat.useItem.minecraft.mutton":2,"stat.swimOneCm":52105,"stat.climbOneCm":26336,"stat.useItem.minecraft.planks":4,"achievement.buildWorkBench":4,"stat.breakItem.minecraft.iron_pickaxe":2,"stat.useItem.minecraft.dirt":12,"achievement.exploreAllBiomes":{"value":0,"progress":["Birch Forest Hills","ForestHills","Birch Forest","Forest","River","Plains"]},"stat.craftItem.minecraft.furnace":6,"stat.useItem.minecraft.red_flower":1,"stat.entityKilledBy.Spider":1,"stat.craftItem.minecraft.stone_axe":1,"stat.craftItem.minecraft.iron_boots":1,"achievement.diamonds":12,"stat.craftItem.minecraft.stone_pickaxe":1,"stat.craftItem.minecraft.cooked_beef":1,"stat.craftItem.minecraft.stone_sword":1,"stat.useItem.minecraft.anvil":2,"stat.flyOneCm":797296,"stat.craftItem.minecraft.iron_shovel":1,"achievement.buildPickaxe":10,"stat.killEntity.Witch":1,"stat.useItem.minecraft.cooked_beef":3,"achievement.buildBetterPickaxe":10,"stat.mineBlock.minecraft.iron_ore":127,"stat.timeSinceDeath":0,"stat.useItem.minecraft.iron_pickaxe":507,"stat.useItem.minecraft.sign":1,"stat.craftItem.minecraft.wooden_pickaxe":1,"stat.useItem.minecraft.iron_shovel":97,"stat.craftItem.minecraft.iron_block":9,"stat.craftItem.minecraft.bed":2,"stat.furnaceInteraction":85,"stat.useItem.minecraft.cooked_porkchop":3,"stat.mineBlock.minecraft.coal_ore":139,"stat.useItem.minecraft.cooked_mutton":11,"stat.entityKilledBy.Skeleton":1,"achievement.buildSword":6,"achievement.mineWood":24,"stat.useItem.minecraft.written_book":3,"stat.sprintOneCm":322299,"stat.craftItem.minecraft.stick":76,"stat.craftItem.minecraft.wooden_axe":1,"stat.useItem.minecraft.bed":3,"achievement.openInventory":183,"stat.mineBlock.minecraft.diamond_ore":13,"stat.mineBlock.minecraft.crafting_table":5,"stat.useItem.minecraft.diamond_pickaxe":1236,"achievement.killEnemy":18,"achievement.buildFurnace":4,"stat.deaths":34,"stat.mineBlock.minecraft.planks":1,"stat.drop":28,"stat.playOneMinute":200143,"stat.killEntity.Sheep":5,"stat.craftItem.minecraft.iron_pickaxe":2,"stat.craftItem.minecraft.diamond_pickaxe":3,"stat.killEntity.Zombie":11,"stat.mineBlock.minecraft.gold_ore":20,"stat.mineBlock.minecraft.tallgrass":65,"stat.craftItem.minecraft.cooked_mutton":13,"stat.diveOneCm":20313,"stat.chestOpened":63,"stat.useItem.minecraft.cooked_rabbit":3,"stat.useItem.minecraft.stone":52,"stat.mineBlock.minecraft.anvil":3,"stat.useItem.minecraft.diamond_axe":6,"stat.craftItem.minecraft.coal":45,"stat.useItem.minecraft.rotten_flesh":9,"stat.craftItem.minecraft.diamond_sword":2,"stat.jump":3291,"stat.fallOneCm":44080,"stat.useItem.minecraft.stone_axe":69,"stat.useItem.minecraft.rabbit":1,"stat.crouchOneCm":17856,"achievement.killCow":6,"stat.craftItem.minecraft.chest":2,"stat.craftItem.minecraft.iron_ingot":111,"stat.craftItem.minecraft.torch":160,"stat.craftItem.minecraft.iron_helmet":1,"stat.useItem.minecraft.cooked_chicken":7,"stat.craftingTableInteraction":47,"stat.boatOneCm":265,"stat.mineBlock.minecraft.lapis_ore":7,"stat.damageTaken":9629,"stat.mineBlock.minecraft.furnace":5,"stat.mineBlock.minecraft.torch":6,"stat.mineBlock.minecraft.red_flower":1,"stat.useItem.minecraft.wooden_pickaxe":16,"stat.useItem.minecraft.furnace":10,"stat.entityKilledBy.Zombie":2,"stat.mineBlock.minecraft.gravel":57,"stat.useItem.minecraft.stone_pickaxe":131,"stat.useItem.minecraft.stone_sword":3,"stat.craftItem.minecraft.iron_leggings":1,"stat.damageDealt":25320,"stat.killEntity.Rabbit":6,"stat.useItem.minecraft.wool":2,"stat.craftItem.minecraft.anvil":3,"stat.killEntity.Cow":12,"stat.useItem.minecraft.crafting_table":7,"stat.mineBlock.minecraft.dirt":67,"stat.craftItem.minecraft.iron_sword":1,"stat.walkOneCm":894165,"stat.useItem.minecraft.torch":116,"stat.useItem.minecraft.chest":2,"stat.playerKills":38,"stat.useItem.minecraft.cobblestone":206,"stat.craftItem.minecraft.crafting_table":3,"stat.mineBlock.minecraft.double_plant":3,"stat.craftItem.minecraft.boat":1,"stat.breakItem.minecraft.golden_helmet":1,"stat.craftItem.minecraft.diamond_boots":1,"stat.craftItem.minecraft.iron_chestplate":1,"stat.killEntity.Skeleton":8,"stat.craftItem.minecraft.planks":72,"stat.useItem.minecraft.iron_sword":73,"stat.killEntity.Chicken":7,"stat.killEntity.Spider":3,"stat.mobKills":53,"stat.mineBlock.minecraft.log":18,"stat.craftItem.minecraft.cooked_chicken":7,"stat.useItem.minecraft.boat":1,"achievement.acquireIron":18,"stat.mineBlock.minecraft.leaves":2,"stat.useItem.minecraft.writable_book":1,"stat.mineBlock.minecraft.redstone_ore":29,"stat.craftItem.minecraft.coal_block":5,"stat.useItem.minecraft.wooden_axe":4,"stat.mineBlock.minecraft.stone":1513}