{"stat.chestOpened":2,"stat.walkOneCm":75948,"stat.useItem.minecraft.sapling":5,"achievement.openInventory":1,"stat.craftItem.minecraft.planks":12,"stat.leaveGame":1,"stat.useItem.minecraft.wheat_seeds":28,"stat.damageTaken":330,"stat.mineBlock.minecraft.double_plant":11,"stat.mineBlock.minecraft.sapling":1,"stat.mineBlock.minecraft.log":8,"stat.flyOneCm":29737,"stat.deaths":1,"stat.mineBlock.minecraft.leaves":17,"stat.jump":191,"stat.useItem.minecraft.wooden_hoe":28,"stat.playOneMinute":10175,"stat.fallOneCm":1919,"stat.craftItem.minecraft.wooden_hoe":1,"stat.crouchOneCm":143,"stat.timeSinceDeath":8704,"stat.useItem.minecraft.wooden_axe":6,"stat.sprintOneCm":9123,"achievement.exploreAllBiomes":{"value":0,"progress":["ForestHills","Forest","Plains"]},"stat.mineBlock.minecraft.tallgrass":213,"stat.craftItem.minecraft.stick":4,"stat.craftItem.minecraft.wooden_axe":1,"stat.craftingTableInteraction":3}