{"stat.horseOneCm":2197,"stat.useItem.minecraft.iron_axe":147,"stat.leaveGame":4,"stat.mineBlock.minecraft.pumpkin":6,"stat.mineBlock.minecraft.cobblestone":20,"stat.craftItem.minecraft.iron_axe":1,"stat.swimOneCm":19941,"stat.useItem.minecraft.planks":324,"stat.climbOneCm":17450,"achievement.buildWorkBench":6,"stat.breakItem.minecraft.iron_pickaxe":1,"stat.useItem.minecraft.dirt":5,"achievement.exploreAllBiomes":{"value":0,"progress":["Birch Forest Hills","Sunflower Plains","ForestHills","Birch Forest","Plains","TaigaHills","DesertHills","Extreme Hills+","River","Forest","Taiga","Desert","Extreme Hills","Swampland"]},"stat.useItem.minecraft.water_bucket":32,"stat.craftItem.minecraft.furnace":18,"stat.useItem.minecraft.egg":2,"stat.craftItem.minecraft.stone_axe":1,"stat.craftItem.minecraft.iron_boots":1,"achievement.diamonds":4,"stat.craftItem.minecraft.stone_pickaxe":3,"stat.craftItem.minecraft.cooked_beef":5,"stat.flyOneCm":568453,"achievement.buildPickaxe":3,"stat.useItem.minecraft.cooked_beef":5,"achievement.buildBetterPickaxe":3,"stat.mineBlock.minecraft.iron_ore":39,"stat.timeSinceDeath":203,"stat.useItem.minecraft.iron_pickaxe":287,"stat.craftItem.minecraft.wooden_pickaxe":1,"stat.craftItem.minecraft.bed":12,"stat.furnaceInteraction":31,"stat.useItem.minecraft.cooked_porkchop":14,"stat.mineBlock.minecraft.coal_ore":55,"stat.killEntity.Creeper":1,"stat.useItem.minecraft.cooked_mutton":16,"achievement.buildSword":2,"achievement.mineWood":108,"stat.mineBlock.minecraft.stained_hardened_clay":1,"stat.sprintOneCm":340872,"stat.craftItem.minecraft.stick":80,"stat.useItem.minecraft.bed":14,"achievement.openInventory":138,"stat.mineBlock.minecraft.diamond_ore":8,"stat.useItem.minecraft.flint_and_steel":8,"stat.mineBlock.minecraft.crafting_table":6,"stat.useItem.minecraft.bucket":30,"achievement.killEnemy":7,"achievement.buildFurnace":34,"stat.mineBlock.minecraft.planks":10,"stat.deaths":4,"stat.drop":62,"stat.playOneMinute":150901,"stat.useItem.minecraft.wooden_sword":44,"stat.mineBlock.minecraft.stone_pressure_plate":1,"stat.killEntity.Sheep":46,"stat.useItem.minecraft.ladder":14,"stat.craftItem.minecraft.iron_pickaxe":1,"stat.killEntity.Zombie":3,"stat.mineBlock.minecraft.gold_ore":12,"stat.mineBlock.minecraft.tallgrass":37,"stat.craftItem.minecraft.cooked_mutton":28,"stat.diveOneCm":38129,"stat.chestOpened":25,"stat.craftItem.minecraft.ladder":15,"stat.useItem.minecraft.stone":2,"stat.useItem.minecraft.chicken":10,"stat.mineBlock.minecraft.deadbush":2,"stat.jump":3447,"stat.fallOneCm":103054,"stat.useItem.minecraft.stone_axe":29,"stat.crouchOneCm":16328,"achievement.killCow":5,"stat.craftItem.minecraft.iron_ingot":17,"stat.craftItem.minecraft.torch":64,"stat.craftItem.minecraft.iron_helmet":1,"stat.craftingTableInteraction":44,"stat.damageTaken":3388,"stat.mineBlock.minecraft.furnace":3,"stat.mineBlock.minecraft.torch":14,"stat.useItem.minecraft.wooden_pickaxe":52,"stat.useItem.minecraft.furnace":20,"stat.craftItem.minecraft.wooden_sword":1,"stat.mineBlock.minecraft.gravel":14,"stat.useItem.minecraft.stone_pickaxe":312,"stat.damageDealt":11330,"stat.killEntity.Cow":10,"stat.useItem.minecraft.crafting_table":10,"stat.mineBlock.minecraft.dirt":38,"stat.killEntity.Pig":12,"stat.craftItem.minecraft.iron_sword":1,"stat.walkOneCm":696432,"stat.useItem.minecraft.torch":25,"stat.playerKills":1,"stat.useItem.minecraft.log":5,"stat.useItem.minecraft.cobblestone":559,"stat.craftItem.minecraft.crafting_table":5,"stat.useItem.minecraft.gravel":12,"stat.breakItem.minecraft.stone_pickaxe":2,"stat.craftItem.minecraft.iron_chestplate":1,"stat.killEntity.Skeleton":2,"stat.craftItem.minecraft.planks":440,"stat.useItem.minecraft.iron_sword":104,"stat.killEntity.Chicken":10,"stat.killEntity.Spider":3,"stat.mobKills":87,"stat.mineBlock.minecraft.log":121,"stat.mineBlock.minecraft.bookshelf":14,"achievement.acquireIron":6,"stat.mineBlock.minecraft.leaves":65,"stat.mineBlock.minecraft.redstone_ore":2,"stat.mineBlock.minecraft.stone":496}