{"stat.craftItem.minecraft.diamond_chestplate":2,"stat.craftItem.minecraft.diamond_leggings":2,"stat.useItem.minecraft.iron_axe":10,"stat.leaveGame":7,"stat.mineBlock.minecraft.cobblestone":12,"stat.mineBlock.minecraft.yellow_flower":1,"stat.craftItem.minecraft.iron_axe":3,"stat.useItem.minecraft.diamond_sword":33,"stat.craftItem.minecraft.diamond_helmet":2,"stat.swimOneCm":71030,"stat.useItem.minecraft.planks":79,"achievement.buildWorkBench":8,"stat.breakItem.minecraft.iron_pickaxe":1,"stat.useItem.minecraft.dirt":12,"achievement.exploreAllBiomes":{"value":0,"progress":["Birch Forest Hills","ForestHills","Birch Forest","Forest","River","Plains","Swampland"]},"stat.useItem.minecraft.water_bucket":12,"stat.craftItem.minecraft.furnace":13,"stat.useItem.minecraft.red_flower":1,"stat.entityKilledBy.Spider":1,"stat.useItem.minecraft.egg":2,"stat.craftItem.minecraft.stone_axe":1,"stat.craftItem.minecraft.iron_boots":3,"achievement.diamonds":37,"stat.craftItem.minecraft.stone_pickaxe":5,"stat.craftItem.minecraft.cooked_beef":43,"stat.mineBlock.minecraft.obsidian":24,"stat.useItem.minecraft.stone_shovel":36,"stat.craftItem.minecraft.stone_sword":3,"stat.flyOneCm":293381,"stat.craftItem.minecraft.iron_shovel":3,"achievement.buildPickaxe":7,"stat.useItem.minecraft.cooked_beef":12,"achievement.buildBetterPickaxe":5,"stat.mineBlock.minecraft.iron_ore":208,"stat.craftItem.minecraft.book":3,"stat.timeSinceDeath":14474,"stat.useItem.minecraft.iron_pickaxe":781,"stat.craftItem.minecraft.wooden_pickaxe":3,"stat.useItem.minecraft.iron_shovel":36,"stat.furnaceInteraction":194,"stat.mineBlock.minecraft.enchanting_table":1,"stat.mineBlock.minecraft.coal_ore":130,"stat.killEntity.Creeper":1,"stat.useItem.minecraft.double_plant":1,"stat.entityKilledBy.Skeleton":2,"achievement.buildSword":5,"achievement.mineWood":92,"stat.sprintOneCm":262378,"stat.useItem.minecraft.diamond_shovel":12,"stat.craftItem.minecraft.stick":72,"stat.craftItem.minecraft.wooden_axe":1,"achievement.openInventory":196,"stat.mineBlock.minecraft.diamond_ore":69,"stat.useItem.minecraft.flint_and_steel":1,"stat.mineBlock.minecraft.crafting_table":25,"stat.useItem.minecraft.diamond_pickaxe":755,"stat.useItem.minecraft.bucket":38,"achievement.killEnemy":12,"achievement.buildFurnace":12,"stat.deaths":9,"stat.mineBlock.minecraft.planks":2,"stat.drop":5,"stat.playOneMinute":165465,"stat.craftItem.minecraft.iron_pickaxe":4,"stat.craftItem.minecraft.diamond_pickaxe":2,"stat.killEntity.Zombie":8,"stat.craftItem.minecraft.diamond_axe":2,"stat.mineBlock.minecraft.gold_ore":36,"stat.mineBlock.minecraft.tallgrass":115,"stat.diveOneCm":25507,"stat.chestOpened":2,"stat.useItem.minecraft.stone":10,"stat.useItem.minecraft.diamond_axe":62,"stat.useItem.minecraft.chicken":1,"stat.craftItem.minecraft.diamond_sword":2,"stat.jump":2071,"stat.fallOneCm":34306,"stat.useItem.minecraft.stone_axe":32,"stat.crouchOneCm":78258,"achievement.killCow":19,"stat.craftItem.minecraft.iron_ingot":160,"stat.craftItem.minecraft.chest":1,"stat.craftItem.minecraft.torch":16,"stat.craftItem.minecraft.iron_helmet":3,"stat.useItem.minecraft.cooked_chicken":9,"stat.craftingTableInteraction":69,"stat.boatOneCm":30086,"stat.useItem.minecraft.sapling":1,"stat.craftItem.minecraft.flint_and_steel":2,"stat.mineBlock.minecraft.lapis_ore":16,"stat.damageTaken":2748,"stat.mineBlock.minecraft.furnace":32,"stat.mineBlock.minecraft.red_flower":1,"stat.mineBlock.minecraft.torch":7,"stat.useItem.minecraft.wooden_pickaxe":33,"stat.useItem.minecraft.furnace":32,"stat.craftItem.minecraft.diamond_shovel":2,"stat.entityKilledBy.Zombie":1,"stat.mineBlock.minecraft.gravel":44,"stat.useItem.minecraft.stone_pickaxe":478,"stat.craftItem.minecraft.iron_leggings":3,"stat.useItem.minecraft.stone_sword":43,"stat.useItem.minecraft.enchanting_table":1,"stat.damageDealt":7838,"stat.killEntity.Cow":14,"stat.useItem.minecraft.crafting_table":25,"stat.mineBlock.minecraft.dirt":59,"stat.craftItem.minecraft.iron_sword":3,"stat.craftItem.minecraft.stone_shovel":2,"stat.walkOneCm":574472,"stat.useItem.minecraft.torch":7,"stat.playerKills":2,"stat.useItem.minecraft.chest":1,"stat.useItem.minecraft.cobblestone":366,"stat.craftItem.minecraft.crafting_table":5,"achievement.enchantments":1,"stat.mineBlock.minecraft.double_plant":3,"stat.useItem.minecraft.lava_bucket":20,"stat.breakItem.minecraft.stone_pickaxe":2,"stat.craftItem.minecraft.boat":2,"stat.craftItem.minecraft.diamond_boots":2,"stat.craftItem.minecraft.gold_ingot":32,"stat.craftItem.minecraft.iron_chestplate":3,"stat.killEntity.Skeleton":2,"stat.craftItem.minecraft.bucket":8,"stat.craftItem.minecraft.planks":396,"stat.useItem.minecraft.iron_sword":9,"stat.killEntity.Chicken":12,"stat.itemEnchanted":8,"stat.killEntity.Spider":5,"stat.craftItem.minecraft.fishing_rod":1,"stat.mobKills":42,"stat.mineBlock.minecraft.log":99,"stat.craftItem.minecraft.cooked_chicken":10,"stat.useItem.minecraft.boat":2,"achievement.acquireIron":100,"stat.mineBlock.minecraft.leaves":9,"stat.craftItem.minecraft.paper":9,"stat.mineBlock.minecraft.redstone_ore":10,"stat.useItem.minecraft.wooden_axe":40,"stat.mineBlock.minecraft.stone":1499,"stat.craftItem.minecraft.enchanting_table":1}