{"stat.walkOneCm":46159,"stat.useItem.minecraft.sapling":2,"achievement.openInventory":6,"stat.craftItem.minecraft.planks":16,"stat.mineBlock.minecraft.netherrack":3,"stat.leaveGame":3,"stat.craftItem.minecraft.stone_axe":1,"stat.damageTaken":300,"stat.mineBlock.minecraft.crafting_table":1,"stat.craftItem.minecraft.crafting_table":1,"stat.mineBlock.minecraft.yellow_flower":1,"stat.mineBlock.minecraft.quartz_ore":2,"stat.craftItem.minecraft.stone_pickaxe":1,"stat.useItem.minecraft.wooden_pickaxe":7,"stat.mobKills":10,"stat.mineBlock.minecraft.brown_mushroom":9,"stat.mineBlock.minecraft.log":4,"stat.craftItem.minecraft.stone_sword":1,"stat.useItem.minecraft.rotten_flesh":4,"stat.flyOneCm":23506,"stat.deaths":1,"stat.killEntity.PigZombie":10,"stat.jump":148,"stat.mineBlock.minecraft.leaves":3,"stat.playOneMinute":10081,"stat.fallOneCm":3418,"stat.useItem.minecraft.stone_pickaxe":11,"stat.useItem.minecraft.stone_sword":47,"stat.useItem.minecraft.stone_axe":1,"stat.entityKilledBy.PigZombie":1,"stat.damageDealt":2770,"stat.crouchOneCm":205,"stat.timeSinceDeath":11,"stat.useItem.minecraft.dirt":5,"stat.sprintOneCm":12212,"stat.useItem.minecraft.crafting_table":2,"stat.mineBlock.minecraft.dirt":5,"stat.craftItem.minecraft.wooden_pickaxe":1,"stat.mineBlock.minecraft.stone":12,"achievement.exploreAllBiomes":{"value":0,"progress":["ForestHills","Plains","Hell"]},"stat.mineBlock.minecraft.tallgrass":20,"stat.craftItem.minecraft.stick":8,"stat.craftingTableInteraction":7,"stat.useItem.minecraft.netherrack":3}