{"stat.chestOpened":26,"stat.leaveGame":2,"stat.mineBlock.minecraft.cobblestone":6,"stat.useItem.minecraft.chicken":4,"stat.useItem.minecraft.rotten_flesh":3,"stat.useItem.minecraft.mutton":6,"stat.jump":1511,"stat.swimOneCm":3358,"stat.fallOneCm":31262,"achievement.buildWorkBench":1,"stat.useItem.minecraft.stone_axe":32,"stat.crouchOneCm":8692,"stat.craftItem.minecraft.iron_ingot":23,"stat.craftItem.minecraft.iron_helmet":1,"achievement.exploreAllBiomes":{"value":0,"progress":["ForestHills","Birch Forest","Forest","River","Plains"]},"stat.useItem.minecraft.cooked_chicken":2,"stat.craftingTableInteraction":20,"stat.craftItem.minecraft.furnace":1,"stat.entityKilledBy.Spider":1,"stat.useItem.minecraft.egg":6,"stat.craftItem.minecraft.stone_axe":1,"stat.craftItem.minecraft.iron_boots":1,"stat.damageTaken":2758,"stat.mineBlock.minecraft.furnace":4,"stat.craftItem.minecraft.stone_pickaxe":1,"stat.mineBlock.minecraft.red_flower":1,"stat.useItem.minecraft.wooden_pickaxe":18,"stat.craftItem.minecraft.cooked_beef":6,"stat.useItem.minecraft.furnace":1,"stat.craftItem.minecraft.wooden_sword":1,"stat.craftItem.minecraft.stone_sword":1,"stat.flyOneCm":224130,"stat.useItem.minecraft.stone_pickaxe":3,"stat.useItem.minecraft.cooked_beef":2,"stat.useItem.minecraft.stone_sword":1,"stat.craftItem.minecraft.iron_leggings":1,"stat.damageDealt":4715,"stat.killEntity.Rabbit":1,"stat.useItem.minecraft.wool":2,"stat.mineBlock.minecraft.iron_ore":15,"stat.timeSinceDeath":28889,"stat.useItem.minecraft.spider_eye":1,"stat.useItem.minecraft.crafting_table":12,"stat.useItem.minecraft.iron_pickaxe":138,"stat.craftItem.minecraft.wooden_pickaxe":1,"stat.craftItem.minecraft.iron_sword":1,"stat.walkOneCm":374338,"stat.craftItem.minecraft.bed":1,"stat.useItem.minecraft.torch":1,"stat.playerKills":6,"stat.useItem.minecraft.cobblestone":12,"stat.craftItem.minecraft.crafting_table":2,"stat.furnaceInteraction":20,"stat.mineBlock.minecraft.double_plant":3,"stat.useItem.minecraft.cooked_porkchop":4,"stat.mineBlock.minecraft.coal_ore":16,"stat.killEntity.Creeper":1,"stat.useItem.minecraft.cooked_mutton":2,"stat.entityKilledBy.Skeleton":2,"stat.craftItem.minecraft.iron_chestplate":1,"achievement.mineWood":6,"stat.sprintOneCm":178129,"stat.craftItem.minecraft.stick":20,"stat.craftItem.minecraft.wooden_axe":1,"stat.killEntity.Skeleton":1,"stat.useItem.minecraft.bed":2,"achievement.openInventory":32,"stat.craftItem.minecraft.planks":52,"stat.useItem.minecraft.iron_sword":18,"stat.killEntity.Chicken":7,"stat.useItem.minecraft.wheat_seeds":7,"stat.mineBlock.minecraft.crafting_table":13,"stat.killEntity.Spider":1,"stat.mobKills":20,"stat.mineBlock.minecraft.log":15,"stat.useItem.minecraft.dye":18,"stat.entityKilledBy.Creeper":1,"stat.craftItem.minecraft.cooked_chicken":1,"stat.useItem.minecraft.wooden_door":1,"stat.deaths":10,"stat.drop":44,"stat.mineBlock.minecraft.leaves":152,"stat.playOneMinute":76708,"stat.useItem.minecraft.wooden_sword":29,"stat.killEntity.Sheep":7,"stat.mineBlock.minecraft.redstone_ore":9,"stat.craftItem.minecraft.iron_pickaxe":1,"stat.craftItem.minecraft.dye":18,"stat.useItem.minecraft.wooden_axe":31,"stat.mineBlock.minecraft.stone":108,"stat.mineBlock.minecraft.tallgrass":91,"stat.craftItem.minecraft.cooked_mutton":3,"stat.diveOneCm":4205}