{"stat.useItem.minecraft.iron_axe":11,"stat.leaveGame":9,"stat.mineBlock.minecraft.cobblestone":2,"stat.craftItem.minecraft.iron_axe":1,"stat.useItem.minecraft.diamond_sword":69,"stat.swimOneCm":20474,"stat.useItem.minecraft.planks":5,"stat.climbOneCm":2477,"achievement.buildWorkBench":6,"stat.useItem.minecraft.dirt":75,"achievement.exploreAllBiomes":{"value":0,"progress":["ForestHills","Birch Forest","Forest","River","Plains","Swampland"]},"stat.useItem.minecraft.egg":2,"stat.craftItem.minecraft.stone_axe":2,"stat.craftItem.minecraft.stone_pickaxe":1,"stat.useItem.minecraft.stone_shovel":27,"stat.useItem.minecraft.anvil":1,"stat.flyOneCm":3111894,"achievement.buildPickaxe":2,"stat.useItem.minecraft.cooked_beef":1,"achievement.buildBetterPickaxe":1,"stat.timeSinceDeath":547,"stat.useItem.minecraft.sign":5,"stat.craftItem.minecraft.wooden_pickaxe":2,"stat.craftItem.minecraft.bed":1,"stat.mineBlock.minecraft.vine":1,"stat.furnaceInteraction":3,"stat.entityKilledBy.Skeleton":1,"achievement.buildSword":1,"achievement.mineWood":12,"stat.useItem.minecraft.written_book":6,"stat.killEntity.Squid":1,"stat.sprintOneCm":53373,"stat.craftItem.minecraft.stick":16,"stat.craftItem.minecraft.wooden_axe":1,"achievement.openInventory":70,"stat.mineBlock.minecraft.crafting_table":3,"stat.useItem.minecraft.diamond_pickaxe":1,"achievement.killEnemy":1,"stat.useItem.minecraft.beef":4,"stat.deaths":29,"stat.drop":6,"stat.playOneMinute":246849,"stat.useItem.minecraft.wooden_sword":6,"stat.killEntity.Sheep":4,"stat.killEntity.Zombie":1,"stat.mineBlock.minecraft.tallgrass":36,"stat.craftItem.minecraft.cooked_mutton":4,"stat.diveOneCm":31795,"stat.chestOpened":16,"stat.craftItem.minecraft.sign":3,"stat.useItem.minecraft.chicken":1,"stat.breakItem.minecraft.wooden_axe":1,"stat.useItem.minecraft.rotten_flesh":2,"stat.jump":859,"stat.fallOneCm":513097,"stat.useItem.minecraft.stone_axe":24,"stat.crouchOneCm":32907,"achievement.killCow":2,"stat.craftingTableInteraction":18,"stat.boatOneCm":221,"stat.useItem.minecraft.sapling":5,"stat.damageTaken":8175,"stat.mineBlock.minecraft.red_flower":1,"stat.mineBlock.minecraft.torch":1,"stat.useItem.minecraft.wooden_pickaxe":29,"stat.entityKilledBy.Zombie":1,"stat.useItem.minecraft.stone_pickaxe":2,"stat.useItem.minecraft.stone_sword":1,"stat.damageDealt":11650,"stat.killEntity.Rabbit":1,"stat.killEntity.Cow":3,"stat.useItem.minecraft.crafting_table":10,"stat.mineBlock.minecraft.dirt":50,"stat.craftItem.minecraft.iron_sword":1,"stat.walkOneCm":1219072,"stat.playerKills":23,"stat.useItem.minecraft.cobblestone":1,"stat.craftItem.minecraft.crafting_table":7,"stat.mineBlock.minecraft.double_plant":3,"stat.craftItem.minecraft.writable_book":3,"stat.killEntity.Skeleton":1,"stat.craftItem.minecraft.planks":64,"stat.useItem.minecraft.iron_sword":11,"stat.killEntity.Chicken":4,"stat.mobKills":15,"stat.mineBlock.minecraft.log":16,"stat.useItem.minecraft.wooden_door":2,"stat.mineBlock.minecraft.leaves":2,"stat.useItem.minecraft.writable_book":3,"stat.useItem.minecraft.wooden_axe":29,"stat.mineBlock.minecraft.stone":19}