{"stat.chestOpened":15,"stat.craftItem.minecraft.mushroom_stew":16,"stat.useItem.minecraft.mushroom_stew":16,"stat.useItem.minecraft.stone":6,"stat.mineBlock.minecraft.netherrack":54,"stat.leaveGame":2,"stat.mineBlock.minecraft.cobblestone":3,"stat.useItem.minecraft.chicken":3,"stat.mineBlock.minecraft.brown_mushroom":19,"stat.killEntity.Blaze":1,"stat.craftItem.minecraft.diamond_sword":1,"stat.jump":2643,"stat.swimOneCm":11728,"stat.fallOneCm":56575,"stat.climbOneCm":2484,"achievement.buildWorkBench":2,"stat.useItem.minecraft.stone_axe":5,"stat.crouchOneCm":24898,"stat.craftItem.minecraft.torch":44,"stat.craftItem.minecraft.iron_ingot":32,"stat.useItem.minecraft.dirt":5,"stat.craftItem.minecraft.iron_helmet":1,"achievement.exploreAllBiomes":{"value":0,"progress":["Sunflower Plains","ForestHills","Extreme Hills+","River","Forest","Plains","Extreme Hills","Hell"]},"stat.useItem.minecraft.cooked_chicken":19,"stat.useItem.minecraft.water_bucket":23,"stat.mineBlock.minecraft.red_mushroom":17,"stat.craftingTableInteraction":27,"stat.craftItem.minecraft.furnace":2,"stat.useItem.minecraft.sapling":8,"stat.craftItem.minecraft.flint_and_steel":1,"stat.useItem.minecraft.egg":4,"stat.craftItem.minecraft.stone_axe":1,"stat.craftItem.minecraft.iron_boots":1,"stat.damageTaken":1012,"stat.craftItem.minecraft.stone_pickaxe":1,"stat.mineBlock.minecraft.furnace":3,"stat.mineBlock.minecraft.torch":1,"stat.useItem.minecraft.wooden_pickaxe":23,"stat.useItem.minecraft.furnace":4,"stat.useItem.minecraft.stone_shovel":25,"stat.craftItem.minecraft.stone_sword":1,"stat.flyOneCm":387687,"stat.useItem.minecraft.brown_mushroom":2,"achievement.buildPickaxe":2,"stat.mineBlock.minecraft.gravel":19,"stat.useItem.minecraft.stone_pickaxe":133,"stat.useItem.minecraft.stone_sword":31,"stat.craftItem.minecraft.iron_leggings":1,"stat.damageDealt":3935,"achievement.buildBetterPickaxe":2,"stat.mineBlock.minecraft.iron_ore":68,"stat.craftItem.minecraft.bowl":4,"stat.timeSinceDeath":415,"stat.useItem.minecraft.crafting_table":6,"stat.mineBlock.minecraft.dirt":10,"stat.useItem.minecraft.iron_pickaxe":193,"stat.craftItem.minecraft.wooden_pickaxe":1,"stat.craftItem.minecraft.iron_sword":1,"stat.craftItem.minecraft.stone_shovel":1,"stat.walkOneCm":625341,"stat.useItem.minecraft.torch":45,"stat.useItem.minecraft.cobblestone":27,"stat.furnaceInteraction":52,"stat.craftItem.minecraft.crafting_table":2,"stat.useItem.minecraft.gravel":17,"stat.useItem.minecraft.lava_bucket":12,"stat.mineBlock.minecraft.coal_ore":82,"stat.breakItem.minecraft.stone_pickaxe":1,"stat.useItem.minecraft.cooked_mutton":2,"stat.craftItem.minecraft.iron_chestplate":1,"achievement.buildSword":5,"achievement.mineWood":5,"stat.sprintOneCm":195744,"stat.craftItem.minecraft.stick":24,"stat.useItem.minecraft.netherrack":36,"stat.killEntity.Skeleton":7,"stat.craftItem.minecraft.bucket":1,"achievement.openInventory":113,"stat.craftItem.minecraft.planks":44,"stat.useItem.minecraft.iron_sword":27,"stat.killEntity.Chicken":27,"stat.useItem.minecraft.flint_and_steel":5,"stat.mineBlock.minecraft.crafting_table":5,"stat.mobKills":38,"stat.mineBlock.minecraft.log":11,"stat.useItem.minecraft.bucket":36,"stat.craftItem.minecraft.cooked_chicken":19,"achievement.killEnemy":10,"achievement.buildFurnace":2,"stat.deaths":1,"stat.drop":22,"stat.mineBlock.minecraft.leaves":1,"stat.playOneMinute":103514,"stat.craftItem.minecraft.iron_pickaxe":1,"stat.killEntity.Zombie":2,"stat.craftItem.minecraft.dye":12,"stat.mineBlock.minecraft.stone":123,"stat.mineBlock.minecraft.tallgrass":5,"stat.craftItem.minecraft.cooked_mutton":7,"stat.diveOneCm":6566}