{"stat.chestOpened":41,"stat.craftItem.minecraft.sign":3,"stat.useItem.minecraft.stone":24,"stat.useItem.minecraft.iron_axe":28,"stat.leaveGame":1,"stat.mineBlock.minecraft.cobblestone":8,"stat.mineBlock.minecraft.anvil":1,"stat.useItem.minecraft.diamond_axe":1,"stat.mineBlock.minecraft.yellow_flower":2,"stat.useItem.minecraft.diamond_sword":6,"stat.craftItem.minecraft.coal":17,"stat.useItem.minecraft.rotten_flesh":2,"stat.jump":2206,"stat.swimOneCm":7589,"stat.fallOneCm":49841,"stat.climbOneCm":7837,"achievement.buildWorkBench":7,"stat.useItem.minecraft.stone_axe":70,"stat.crouchOneCm":20278,"stat.craftItem.minecraft.torch":68,"stat.craftItem.minecraft.iron_ingot":34,"stat.useItem.minecraft.dirt":1,"stat.craftItem.minecraft.iron_helmet":1,"achievement.exploreAllBiomes":{"value":0,"progress":["Birch Forest Hills","ForestHills","Birch Forest","Roofed Forest","River","Forest","Plains","Swampland"]},"stat.useItem.minecraft.cooked_chicken":14,"stat.useItem.minecraft.water_bucket":12,"stat.craftingTableInteraction":28,"stat.craftItem.minecraft.golden_apple":1,"stat.craftItem.minecraft.furnace":2,"stat.useItem.minecraft.sapling":35,"stat.useItem.minecraft.egg":13,"stat.craftItem.minecraft.stone_axe":1,"stat.craftItem.minecraft.iron_boots":1,"stat.damageTaken":4240,"achievement.diamonds":4,"stat.craftItem.minecraft.stone_pickaxe":1,"stat.mineBlock.minecraft.furnace":3,"stat.mineBlock.minecraft.red_flower":1,"stat.useItem.minecraft.wooden_pickaxe":6,"stat.useItem.minecraft.furnace":3,"stat.mineBlock.minecraft.sapling":1,"stat.craftItem.minecraft.stone_sword":1,"stat.flyOneCm":291397,"achievement.buildPickaxe":4,"stat.useItem.minecraft.stone_pickaxe":43,"stat.useItem.minecraft.cooked_beef":1,"stat.useItem.minecraft.stone_sword":7,"stat.craftItem.minecraft.iron_leggings":1,"stat.useItem.minecraft.enchanting_table":1,"stat.damageDealt":6205,"achievement.buildBetterPickaxe":2,"stat.timeSinceDeath":203,"stat.mineBlock.minecraft.dirt":20,"stat.useItem.minecraft.crafting_table":5,"stat.useItem.minecraft.iron_pickaxe":34,"stat.useItem.minecraft.sign":3,"stat.craftItem.minecraft.wooden_pickaxe":1,"stat.walkOneCm":770262,"stat.useItem.minecraft.torch":24,"stat.playerKills":14,"stat.useItem.minecraft.log":2,"stat.useItem.minecraft.cobblestone":90,"stat.craftItem.minecraft.crafting_table":4,"stat.furnaceInteraction":75,"stat.mineBlock.minecraft.double_plant":2,"stat.mineBlock.minecraft.coal_ore":25,"stat.craftItem.minecraft.leather_helmet":6,"stat.useItem.minecraft.cooked_mutton":2,"stat.entityKilledBy.Skeleton":1,"stat.craftItem.minecraft.iron_chestplate":1,"achievement.buildSword":1,"achievement.mineWood":106,"stat.sprintOneCm":130685,"stat.craftItem.minecraft.stick":36,"stat.killEntity.Skeleton":2,"stat.useItem.minecraft.bed":1,"stat.craftItem.minecraft.bucket":1,"achievement.openInventory":220,"stat.craftItem.minecraft.planks":208,"stat.useItem.minecraft.iron_sword":56,"stat.killEntity.Chicken":14,"stat.mineBlock.minecraft.crafting_table":4,"stat.mobKills":22,"stat.mineBlock.minecraft.log":106,"stat.useItem.minecraft.bucket":14,"stat.craftItem.minecraft.cooked_chicken":19,"achievement.killEnemy":4,"achievement.buildFurnace":4,"stat.useItem.minecraft.golden_apple":1,"stat.deaths":14,"achievement.acquireIron":16,"stat.drop":45,"stat.mineBlock.minecraft.leaves":33,"stat.playOneMinute":140298,"stat.killEntity.Sheep":4,"stat.craftItem.minecraft.iron_pickaxe":1,"stat.killEntity.Zombie":2,"stat.craftItem.minecraft.dye":5,"stat.mineBlock.minecraft.stone":46,"stat.mineBlock.minecraft.tallgrass":23,"stat.craftItem.minecraft.cooked_mutton":15,"stat.diveOneCm":19523}