{"stat.chestOpened":3,"stat.mineBlock.minecraft.netherrack":97,"stat.leaveGame":3,"stat.mineBlock.minecraft.cobblestone":2,"stat.useItem.minecraft.diamond_axe":71,"stat.killEntity.Blaze":11,"stat.jump":947,"stat.swimOneCm":2846,"stat.fallOneCm":25951,"stat.crouchOneCm":4678,"stat.craftItem.minecraft.iron_ingot":15,"stat.breakItem.minecraft.iron_pickaxe":1,"stat.useItem.minecraft.obsidian":19,"achievement.exploreAllBiomes":{"value":0,"progress":["ForestHills","River","Forest","Plains","Hell"]},"stat.useItem.minecraft.water_bucket":9,"stat.craftingTableInteraction":5,"stat.craftItem.minecraft.flint_and_steel":1,"stat.damageTaken":1183,"stat.craftItem.minecraft.stone_pickaxe":1,"stat.flyOneCm":212076,"stat.mineBlock.minecraft.gravel":14,"stat.useItem.minecraft.stone_pickaxe":84,"stat.craftItem.minecraft.iron_leggings":1,"stat.damageDealt":4670,"stat.timeSinceDeath":298,"stat.mineBlock.minecraft.dirt":1,"stat.useItem.minecraft.iron_pickaxe":100,"stat.useItem.minecraft.crafting_table":1,"stat.killEntity.Pig":2,"stat.craftItem.minecraft.stone_slab":72,"stat.walkOneCm":248684,"stat.useItem.minecraft.cobblestone":23,"stat.furnaceInteraction":18,"stat.craftItem.minecraft.crafting_table":1,"stat.useItem.minecraft.gravel":13,"stat.useItem.minecraft.cooked_porkchop":3,"stat.useItem.minecraft.lava_bucket":10,"stat.mineBlock.minecraft.nether_brick":84,"stat.killEntity.Creeper":1,"stat.useItem.minecraft.cooked_mutton":15,"stat.craftItem.minecraft.iron_chestplate":1,"stat.sprintOneCm":134731,"stat.craftItem.minecraft.stick":4,"stat.useItem.minecraft.netherrack":95,"stat.killEntity.Skeleton":3,"stat.useItem.minecraft.stone_slab":13,"achievement.openInventory":31,"stat.craftItem.minecraft.planks":4,"stat.useItem.minecraft.flint_and_steel":20,"stat.mobKills":26,"stat.mineBlock.minecraft.log":1,"stat.useItem.minecraft.bucket":20,"stat.deaths":1,"stat.mineBlock.minecraft.leaves":1,"stat.playOneMinute":40503,"stat.killEntity.Sheep":8,"stat.useItem.minecraft.nether_brick":30,"stat.entityKilledBy.Blaze":1,"stat.craftItem.minecraft.cooked_mutton":6,"stat.mineBlock.minecraft.tallgrass":15,"stat.diveOneCm":502}