{"stat.chestOpened":35,"stat.useItem.minecraft.string":1,"stat.walkOneCm":556554,"stat.craftItem.minecraft.sign":3,"stat.playerKills":1,"stat.useItem.minecraft.stone":60,"stat.leaveGame":2,"stat.useItem.minecraft.chicken":9,"stat.useItem.minecraft.diamond_axe":3,"stat.useItem.minecraft.cobblestone":274,"stat.craftItem.minecraft.crafting_table":1,"stat.furnaceInteraction":1,"stat.useItem.minecraft.gravel":1,"stat.mineBlock.minecraft.double_plant":1,"stat.useItem.minecraft.diamond_sword":30,"stat.useItem.minecraft.rotten_flesh":11,"stat.useItem.minecraft.mutton":2,"stat.swimOneCm":31243,"stat.jump":2936,"stat.breakItem.minecraft.leather_helmet":1,"stat.climbOneCm":1725,"stat.fallOneCm":80498,"stat.useItem.minecraft.planks":4,"stat.useItem.minecraft.cooked_mutton":1,"achievement.buildWorkBench":2,"stat.entityKilledBy.Skeleton":1,"stat.useItem.minecraft.stone_axe":2,"stat.useItem.minecraft.rabbit":3,"stat.crouchOneCm":3972,"achievement.buildSword":4,"achievement.mineWood":8,"stat.useItem.minecraft.dirt":18,"stat.sprintOneCm":221387,"achievement.exploreAllBiomes":{"value":0,"progress":["Birch Forest Hills","ForestHills","Birch Forest","Forest","River","Plains","Swampland"]},"stat.craftItem.minecraft.stick":12,"stat.craftItem.minecraft.wooden_axe":1,"stat.craftingTableInteraction":7,"stat.useItem.minecraft.netherrack":28,"stat.entityKilledBy.Spider":1,"achievement.openInventory":43,"stat.craftItem.minecraft.planks":36,"stat.useItem.minecraft.egg":4,"stat.killEntity.Chicken":11,"stat.useItem.minecraft.wheat_seeds":2,"stat.damageTaken":6969,"stat.mineBlock.minecraft.crafting_table":3,"stat.killEntity.Spider":7,"stat.mobKills":33,"stat.craftItem.minecraft.wooden_sword":2,"stat.mineBlock.minecraft.log":8,"stat.useItem.minecraft.bucket":1,"stat.entityKilledBy.Creeper":1,"achievement.killEnemy":15,"stat.useItem.minecraft.stone_shovel":3,"stat.useItem.minecraft.anvil":1,"stat.flyOneCm":460280,"stat.deaths":25,"stat.drop":55,"achievement.buildPickaxe":2,"stat.mineBlock.minecraft.leaves":2,"stat.playOneMinute":88476,"stat.entityKilledBy.Zombie":3,"stat.useItem.minecraft.wooden_sword":44,"stat.killEntity.Sheep":2,"stat.damageDealt":6690,"stat.killEntity.Rabbit":5,"stat.killEntity.Zombie":8,"stat.timeSinceDeath":435,"stat.useItem.minecraft.spider_eye":3,"stat.useItem.minecraft.wooden_axe":11,"stat.useItem.minecraft.crafting_table":2,"stat.mineBlock.minecraft.dirt":14,"stat.useItem.minecraft.sign":3,"stat.craftItem.minecraft.wooden_pickaxe":1,"stat.mineBlock.minecraft.tallgrass":30,"stat.diveOneCm":25426}