{"stat.chestOpened":1,"stat.useItem.minecraft.rotten_flesh":2,"stat.flyOneCm":49442,"stat.deaths":2,"stat.walkOneCm":48792,"stat.drop":3,"stat.jump":191,"stat.playOneMinute":7898,"stat.fallOneCm":4990,"stat.leaveGame":1,"stat.damageTaken":460,"stat.damageDealt":30,"stat.crouchOneCm":540,"stat.mineBlock.minecraft.red_flower":3,"stat.timeSinceDeath":847,"stat.sprintOneCm":31076,"stat.mineBlock.minecraft.dirt":9,"achievement.exploreAllBiomes":{"value":0,"progress":["ForestHills","Plains"]},"stat.mineBlock.minecraft.tallgrass":1}