{"stat.chestOpened":5,"stat.useItem.minecraft.iron_axe":1,"stat.mineBlock.minecraft.netherrack":10,"stat.leaveGame":1,"stat.mineBlock.minecraft.cobblestone":3,"stat.useItem.minecraft.chicken":4,"stat.useItem.minecraft.waterlily":2,"stat.craftItem.minecraft.iron_axe":1,"stat.mineBlock.minecraft.brown_mushroom":7,"stat.useItem.minecraft.porkchop":1,"stat.mineBlock.minecraft.sandstone":1,"stat.useItem.minecraft.rotten_flesh":6,"stat.jump":1366,"stat.swimOneCm":21883,"stat.fallOneCm":38252,"stat.climbOneCm":957,"achievement.buildWorkBench":4,"stat.useItem.minecraft.stone_axe":82,"stat.crouchOneCm":4143,"achievement.killCow":9,"stat.craftItem.minecraft.iron_ingot":39,"stat.craftItem.minecraft.iron_helmet":1,"stat.useItem.minecraft.dirt":6,"achievement.exploreAllBiomes":{"value":0,"progress":["Birch Forest Hills","ForestHills","Roofed Forest","Birch Forest","Plains","TaigaHills","DesertHills","Forest","River","Desert","Taiga","Extreme Hills","Swampland","Savanna","Hell"]},"stat.useItem.minecraft.cooked_chicken":8,"stat.mineBlock.minecraft.red_mushroom":2,"stat.useItem.minecraft.water_bucket":26,"stat.craftingTableInteraction":22,"stat.craftItem.minecraft.furnace":2,"stat.boatOneCm":29653,"stat.useItem.minecraft.sapling":1,"stat.craftItem.minecraft.flint_and_steel":1,"stat.craftItem.minecraft.stone_axe":1,"stat.craftItem.minecraft.iron_boots":1,"stat.damageTaken":1090,"stat.craftItem.minecraft.stone_pickaxe":1,"stat.mineBlock.minecraft.furnace":6,"stat.useItem.minecraft.wooden_pickaxe":6,"stat.useItem.minecraft.furnace":6,"stat.useItem.minecraft.stone_shovel":14,"stat.flyOneCm":289182,"achievement.buildPickaxe":5,"stat.mineBlock.minecraft.gravel":9,"stat.useItem.minecraft.stone_pickaxe":52,"stat.useItem.minecraft.cooked_beef":13,"stat.craftItem.minecraft.iron_leggings":1,"stat.damageDealt":5575,"achievement.buildBetterPickaxe":3,"stat.mineBlock.minecraft.iron_ore":46,"stat.timeSinceDeath":107,"stat.killEntity.Cow":7,"stat.useItem.minecraft.crafting_table":7,"stat.useItem.minecraft.iron_pickaxe":62,"stat.mineBlock.minecraft.dirt":6,"stat.craftItem.minecraft.wooden_pickaxe":1,"stat.killEntity.Pig":2,"stat.craftItem.minecraft.iron_sword":1,"stat.craftItem.minecraft.stone_shovel":1,"stat.walkOneCm":313723,"stat.craftItem.minecraft.bed":1,"stat.craftItem.minecraft.crafting_table":2,"stat.furnaceInteraction":45,"stat.useItem.minecraft.gravel":8,"stat.mineBlock.minecraft.double_plant":1,"stat.useItem.minecraft.lava_bucket":10,"stat.mineBlock.minecraft.coal_ore":5,"stat.craftItem.minecraft.boat":3,"stat.mineBlock.minecraft.red_mushroom_block":18,"stat.craftItem.minecraft.iron_chestplate":1,"achievement.buildSword":2,"achievement.mineWood":18,"stat.useItem.minecraft.leaves":65,"stat.sprintOneCm":247817,"stat.craftItem.minecraft.stick":12,"stat.killEntity.Skeleton":7,"stat.craftItem.minecraft.bucket":1,"stat.useItem.minecraft.bed":2,"achievement.openInventory":83,"stat.craftItem.minecraft.planks":80,"stat.useItem.minecraft.iron_sword":82,"stat.killEntity.Chicken":9,"stat.useItem.minecraft.flint_and_steel":49,"stat.mineBlock.minecraft.crafting_table":7,"stat.mobKills":41,"stat.mineBlock.minecraft.log":20,"stat.useItem.minecraft.bucket":38,"stat.craftItem.minecraft.shears":1,"stat.craftItem.minecraft.cooked_chicken":2,"achievement.killEnemy":10,"stat.mineBlock.minecraft.waterlily":1,"achievement.buildFurnace":4,"stat.useItem.minecraft.boat":4,"stat.deaths":1,"achievement.acquireIron":42,"stat.drop":1,"stat.mineBlock.minecraft.leaves":170,"stat.playOneMinute":52108,"stat.killEntity.Sheep":7,"stat.craftItem.minecraft.iron_pickaxe":1,"stat.useItem.minecraft.shears":168,"stat.mineBlock.minecraft.brown_mushroom_block":36,"stat.killEntity.Zombie":3,"stat.mineBlock.minecraft.stone":47,"stat.mineBlock.minecraft.tallgrass":48,"stat.diveOneCm":23411}