{"stat.chestOpened":16,"stat.useItem.minecraft.iron_axe":8,"stat.leaveGame":23,"stat.mineBlock.minecraft.cobblestone":4,"stat.useItem.minecraft.diamond_axe":33,"stat.useItem.minecraft.diamond_sword":275,"stat.craftItem.minecraft.diamond_sword":1,"stat.jump":1568,"stat.swimOneCm":27809,"stat.fallOneCm":276877,"stat.useItem.minecraft.planks":42,"stat.climbOneCm":3961,"achievement.buildWorkBench":1,"stat.useItem.minecraft.stone_axe":9,"stat.crouchOneCm":6078,"stat.craftItem.minecraft.iron_ingot":3,"stat.craftItem.minecraft.iron_helmet":1,"stat.useItem.minecraft.dirt":3,"achievement.exploreAllBiomes":{"value":0,"progress":["Birch Forest Hills","Sunflower Plains","ForestHills","Beach","Birch Forest","Roofed Forest","Forest","River","Ocean","Plains","Swampland"]},"stat.useItem.minecraft.water_bucket":1,"stat.craftingTableInteraction":17,"stat.boatOneCm":541,"stat.useItem.minecraft.egg":1,"stat.damageTaken":13186,"stat.craftItem.minecraft.stone_pickaxe":1,"stat.mineBlock.minecraft.torch":1,"stat.useItem.minecraft.wooden_pickaxe":8,"stat.useItem.minecraft.furnace":1,"stat.craftItem.minecraft.stone_sword":1,"stat.useItem.minecraft.anvil":1,"stat.flyOneCm":3089284,"achievement.buildPickaxe":1,"stat.entityKilledBy.Zombie":3,"stat.useItem.minecraft.stone_pickaxe":3,"stat.useItem.minecraft.stone_sword":51,"stat.damageDealt":43940,"stat.timeSinceDeath":54656,"stat.useItem.minecraft.crafting_table":4,"stat.mineBlock.minecraft.dirt":18,"stat.useItem.minecraft.sign":2,"stat.craftItem.minecraft.wooden_pickaxe":1,"stat.walkOneCm":1621529,"stat.craftItem.minecraft.bed":1,"stat.playerKills":111,"stat.useItem.minecraft.cobblestone":20,"stat.craftItem.minecraft.crafting_table":3,"stat.furnaceInteraction":10,"stat.useItem.minecraft.gravel":1,"stat.useItem.minecraft.lava_bucket":3,"stat.killEntity.Creeper":2,"stat.craftItem.minecraft.writable_book":1,"stat.useItem.minecraft.cooked_mutton":15,"stat.entityKilledBy.Skeleton":1,"stat.craftItem.minecraft.iron_chestplate":1,"stat.breakItem.minecraft.iron_helmet":1,"achievement.buildSword":2,"achievement.mineWood":13,"stat.useItem.minecraft.written_book":3,"stat.killEntity.Squid":3,"stat.sprintOneCm":38816,"stat.craftItem.minecraft.stick":76,"stat.killEntity.Skeleton":3,"stat.useItem.minecraft.bed":1,"achievement.openInventory":124,"stat.craftItem.minecraft.planks":44,"stat.useItem.minecraft.iron_sword":77,"stat.killEntity.Chicken":3,"stat.killEntity.Spider":1,"stat.useItem.minecraft.diamond_pickaxe":8,"stat.mobKills":20,"stat.mineBlock.minecraft.log":11,"stat.useItem.minecraft.bucket":4,"stat.useItem.minecraft.beef":2,"achievement.killEnemy":8,"stat.deaths":46,"stat.mineBlock.minecraft.planks":5,"stat.drop":23,"stat.mineBlock.minecraft.leaves":2,"stat.useItem.minecraft.writable_book":1,"stat.playOneMinute":200820,"stat.useItem.minecraft.wooden_sword":1,"stat.killEntity.Zombie":6,"stat.mineBlock.minecraft.stone":8,"stat.mineBlock.minecraft.tallgrass":18,"stat.craftItem.minecraft.cooked_mutton":1,"stat.diveOneCm":83801}