{"stat.chestOpened":2,"stat.walkOneCm":54435,"stat.useItem.minecraft.torch":2,"stat.playerKills":1,"stat.useItem.minecraft.chest":1,"stat.leaveGame":1,"stat.craftItem.minecraft.crafting_table":1,"stat.furnaceInteraction":4,"stat.mineBlock.minecraft.double_plant":2,"stat.mineBlock.minecraft.coal_ore":19,"stat.useItem.minecraft.mutton":2,"stat.jump":160,"stat.useItem.minecraft.double_plant":2,"stat.fallOneCm":2779,"achievement.buildWorkBench":1,"stat.useItem.minecraft.stone_axe":20,"stat.crouchOneCm":35,"achievement.buildSword":2,"achievement.mineWood":24,"stat.craftItem.minecraft.torch":24,"stat.craftItem.minecraft.iron_ingot":6,"stat.craftItem.minecraft.chest":1,"stat.useItem.minecraft.dirt":1,"stat.sprintOneCm":20960,"achievement.exploreAllBiomes":{"value":0,"progress":["Forest","Plains"]},"stat.craftItem.minecraft.stick":16,"stat.craftItem.minecraft.wooden_axe":1,"stat.craftingTableInteraction":5,"stat.useItem.minecraft.red_flower":1,"stat.craftItem.minecraft.furnace":1,"achievement.openInventory":8,"stat.craftItem.minecraft.planks":96,"stat.craftItem.minecraft.stone_axe":1,"stat.damageTaken":1115,"stat.mineBlock.minecraft.crafting_table":2,"stat.mineBlock.minecraft.red_flower":1,"stat.craftItem.minecraft.stone_pickaxe":1,"stat.mineBlock.minecraft.furnace":1,"stat.useItem.minecraft.wooden_pickaxe":54,"stat.useItem.minecraft.furnace":2,"stat.mobKills":1,"stat.craftItem.minecraft.wooden_sword":1,"stat.mineBlock.minecraft.log":24,"stat.craftItem.minecraft.stone_sword":1,"achievement.buildFurnace":1,"stat.flyOneCm":17371,"stat.deaths":4,"achievement.acquireIron":3,"achievement.buildPickaxe":2,"stat.playOneMinute":17644,"stat.entityKilledBy.Zombie":3,"stat.useItem.minecraft.stone_pickaxe":10,"stat.killEntity.Sheep":1,"stat.useItem.minecraft.stone_sword":1,"stat.damageDealt":500,"achievement.buildBetterPickaxe":1,"stat.mineBlock.minecraft.iron_ore":6,"stat.timeSinceDeath":15342,"stat.useItem.minecraft.wooden_axe":2,"stat.useItem.minecraft.crafting_table":3,"stat.mineBlock.minecraft.dirt":1,"stat.craftItem.minecraft.wooden_pickaxe":1,"stat.mineBlock.minecraft.stone":30,"stat.mineBlock.minecraft.tallgrass":14}